year,diss date,Date,site,trt,BC,stem #,stem diam bottom (mm), main stem length (cm),Total Meja,Meja/100 cm,infested,diam top (mm),Tip of Stem broken,side branches (cm),No. empty chambers,total chamber length,live adults,dead adults,dead larvae,dead pupae,parasitoid,live pupa,live larva,Total No. adults
2012,12/7/12,12/3/12,West,Release,1,1,7.8,64,21,32.8,1,2.6,b,,4,,-,-,0,,,,,17
2012,12/8/12,12/3/12,West,Release,1,2,8.2,57.5,46,80,1,2.2,b,,2,,-,-,0,,,,,44
2012,12/10/12,12/3/12,West,Release,1,3,6.6,33,32,97,1,2.6,b,,0,,-,-,0,,,,,32
2012,12/10/12,12/3/12,West,Release,1,4,6.4,59,30,50.8,1,2.6,b,,0,,-,-,0,,,,,30
2012,12/10/12,12/3/12,West,Release,1,5,6.5,45,31,68.9,1,3,b,,0,,-,-,0,,,,,31
2012,12/10/12,12/3/12,West,Release,1,6,7,61,21,34.4,1,2.1,b,,0,,-,-,0,,,,,21
2012,12/10/12,12/3/12,West,Release,1,7,6.8,43,15,34.9,1,1.8,b,,1,,-,-,0,,,,,14
2012,12/10/12,12/3/12,West,Release,1,8,6.8,46,41,89.1,1,1.5,b,,4,,26,11,0,,,,,37
2012,12/10/12,12/3/12,West,Release,1,9,7.4,43,29,67.4,1,4.3,b,,0,,27,2,0,,,,,29
2012,12/10/12,12/3/12,West,Release,1,10,3.9,50,1,2,1,1.1,,,0,,0,1,0,,,,,1
2012,12/11/12,12/3/12,West,Release,1,11,5,48,23,47.9,1,2.7,b,,0,,21,2,0,,,,,23
2012,12/11/12,12/3/12,West,Release,1,12,5.1,45,16,35.6,1,2.5,b,,0,,15,1,0,,,,,16
2012,12/11/12,12/3/12,West,Release,1,13,8.5,49,28,57.1,1,3.8,b,,0,,25,3,0,,,,,28
2012,12/11/12,12/3/12,West,Release,1,14,4.8,31,26,83.9,1,2.8,b,,0,,19,3,4,,,,,22
2012,12/12/12,12/3/12,West,Release,1,15,9.3,42,8,19,1,2.8,b,,0,,8,0,0,,,,,8
2012,12/12/12,12/3/12,West,Release,1,16,4.8,41,28,68.3,1,1.6,b,,0,,28,0,0,,,,,28
2012,12/12/12,12/3/12,West,Release,1,17,6.6,36,3,8.3,1,2.2,b,,0,,3,0,0,,,,,3
2012,12/12/12,12/3/12,West,Release,1,18,6.9,41,53,129.3,1,2.8,b,,0,,53,0,0,,,,,53
2012,12/12/12,12/3/12,West,Release,1,19,7.5,47,1,2.1,1,2.4,b,,1,,0,0,0,,,,,0
2012,12/12/12,12/3/12,West,Release,1,20,5.3,35,8,22.9,1,1.9,b,,1,,7,0,0,,,,,7
2012,12/12/12,12/3/12,West,Release,1,21,5,33,21,63.6,1,1.6,,,4,,12,5,0,,,,,17
2012,12/12/12,12/3/12,West,Release,1,22,4.5,42,10,23.8,1,1.1,,,0,,10,0,0,,,,,10
2012,12/12/12,12/3/12,West,Release,1,23,3.4,27,12,44.4,1,1.2,,,0,,12,0,0,,,,,12
2012,12/12/12,12/3/12,West,Release,1,24,4.3,31,21,67.7,1,1.6,,,0,,21,0,0,,,,,21
2012,12/12/12,12/3/12,West,Release,1,25,6.5,37,6,16.2,1,1.6,,,0,,6,0,0,,,,,6
2012,12/13/12,12/3/12,West,Release,1,26,4.8,41,10,24.4,1,1.3,,,0,,10,0,0,,,,,10
2012,12/13/12,12/3/12,West,Release,1,27,6.1,43,18,41.9,1,3.6,b,,0,,18,0,0,,,,,18
2012,12/13/12,12/3/12,West,Release,1,28,5.2,40,20,50,1,2.6,b,,0,,16,2,2,,,,,18
2012,12/13/12,12/3/12,West,Release,1,29,6.1,34,17,50,1,2,b,,0,,17,0,0,,,,,17
2012,12/14/12,12/3/12,West,Release,1,30,6.4,27.5,22,80,1,3.5,b,,0,,22,0,0,,,,,22
2012,12/14/12,12/3/12,West,Release,1,31,5.7,40,13,32.5,1,3.1,b,,0,,13,0,0,,,,,13
2012,12/14/12,12/3/12,West,Release,1,32,4.2,34,17,50,1,2.2,b,,1,,15,1,0,,,,,16
2012,12/14/12,12/3/12,West,Release,1,33,6.1,35,11,31.4,1,1.6,b,,1,,9,1,0,,,,,10
2012,12/14/12,12/3/12,West,Release,1,34,4.5,43,9,20.9,1,1.4,b,,6,,2,1,0,,,,,3
2012,12/14/12,12/3/12,West,Release,1,35,4.3,36,6,16.7,1,1.1,b,,0,,0,0,6,,,,,0
2012,12/14/12,12/3/12,West,Release,1,36,6.2,34,9,26.5,1,1.2,b,,2,,7,0,0,,,,,7
2012,12/20/12,12/3/12,West,Release,1,37,3.6,27,7,25.9,1,1.5,,,2,,5,0,0,,,,,5
2012,12/20/12,12/3/12,West,Release,1,38,4.7,38,14,36.8,1,2.1,b,,4,,7,2,1,,,,,9
2012,12/20/12,12/3/12,West,Release,1,39,4.6,31,9,29,1,1.2,,,1,,6,1,1,,,,,7
2012,12/20/12,12/3/12,West,Release,1,40,5.3,38,27,71.1,1,2.1,b,,6,,21,0,0,,,,,21
2012,12/20/12,12/3/12,West,Release,1,41,3.2,41,11,26.8,1,1.6,b,,2,,9,0,0,,,,,9
2012,12/20/12,12/3/12,West,Release,1,42,4,30,10,33.3,1,1.7,b,,2,,8,0,0,,,,,8
2012,12/20/12,12/3/12,West,Release,1,43,5.1,22,23,104.5,1,2.3,b,,0,,23,0,0,,,,,23
2012,12/20/12,12/3/12,West,Release,1,44,5.5,33,7,21.2,1,1.2,b,,3,,-1,1,4,,,,,0
2012,12/20/12,12/3/12,West,Release,1,45,3,25,5,20,1,2,,,4,,1,0,0,,,,,1
2012,12/21/12,12/3/12,West,Release,1,46,4.6,36,15,41.7,1,1.2,b,,8,,7,0,0,,,,,7
2012,12/21/12,12/3/12,West,Release,1,47,8.1,44,14,31.8,1,1.8,b,,5,,9,0,0,,,,,9
2012,12/21/12,12/3/12,West,Release,1,48,3.5,21,28,133.3,1,1.6,b,,2,,26,0,0,,,,,26
2012,12/21/12,12/3/12,West,Release,1,49,5.5,36,6,16.7,0,1.9,b,,1,,5,0,0,,,,,5
2012,12/21/12,12/3/12,West,Release,1,50,4.1,36,21,58.3,1,2,,,6,,15,0,0,,,,,15
2012,12/31/12,12/3/12,USFS-West,Check,1,1,4.8,85,0,0,0,0.5,,,0,,0,0,0,,,,,0
2012,12/31/12,12/3/12,USFS-West,Check,1,2,3.4,68,0,0,0,0.4,,,0,,0,0,0,,,,,0
2012,12/31/12,12/3/12,USFS-West,Check,1,3,9.3,87,0,0,0,2.9,b,,0,,0,0,0,,,,,0
2012,12/31/12,12/3/12,USFS-West,Check,1,4,4.1,81,0,0,0,0.6,,,0,,0,0,0,,,,,0
2012,1/2/13,12/3/12,USFS-West,Check,1,5,7.6,93,0,0,0,1.2,b,,0,,0,0,0,,,,,0
2012,1/2/13,12/3/12,USFS-West,Check,1,6,5.4,73,0,0,0,0.3,,,0,,0,0,0,,,,,0
2012,1/2/13,12/3/12,USFS-West,Check,1,7,5.3,103,0,0,0,0.2,,,0,,0,0,0,,,,,0
2012,1/2/13,12/3/12,USFS-West,Check,1,8,5.3,65,0,0,0,0.9,b,,0,,0,0,0,,,,,0
2012,1/2/13,12/3/12,USFS-West,Check,1,9,4,101,0,0,0,0.4,,,0,,0,0,0,,,,,0
2012,1/2/13,12/3/12,USFS-West,Check,1,10,7.3,85,0,0,0,0.5,,,0,,0,0,0,,,,,0
2012,1/2/13,12/3/12,USFS-West,Check,1,11,3.7,46,0,0,0,0.7,b,,0,,0,0,0,,,,,0
2012,1/2/13,12/3/12,USFS-West,Check,1,12,4.2,65,0,0,0,0.7,,,0,,0,0,0,,,,,0
2012,1/2/13,12/3/12,USFS-West,Check,1,13,3.6,72,0,0,0,0.2,,,0,,0,0,0,,,,,0
2012,1/2/13,12/3/12,USFS-West,Check,1,14,3.8,66,0,0,0,0.4,,,0,,0,0,0,,,,,0
2012,1/2/13,12/3/12,USFS-West,Check,1,15,4.5,76,4,5.3,1,0.6,,,0,,1,0,3,,,,,1
2012,1/2/13,12/3/12,USFS-West,Check,1,16,5.4,61,0,0,0,1.6,,,0,,0,0,0,,,,,0
2012,1/2/13,12/3/12,USFS-West,Check,1,17,3.8,61,0,0,0,1.6,b,,0,,0,0,0,,,,,0
2012,1/2/13,12/3/12,USFS-West,Check,1,18,5.5,57,0,0,0,1.5,b,,0,,0,0,0,,,,,0
2012,1/2/13,12/3/12,USFS-West,Check,1,19,7.2,58,0,0,0,1.6,b,,0,,0,0,0,,,,,0
2012,1/7/13,12/3/12,USFS-West,Check,1,20,8.1,85,0,0,0,2.1,b,,0,,0,0,0,,,,,0
2012,1/7/13,12/3/12,USFS-West,Check,1,21,3.2,75,0,0,0,0.5,,,0,,0,0,0,,,,,0
2012,1/7/13,12/3/12,USFS-West,Check,1,22,3.9,51,0,0,0,0.5,,,0,,0,0,0,,,,,0
2012,1/7/13,12/3/12,USFS-West,Check,1,23,4.1,66,2,3,1,1,b,,0,,1,0,1,,,,,1
2012,1/7/13,12/3/12,USFS-West,Check,1,24,5.1,83,0,0,0,1.1,b,,0,,0,0,0,,,,,0
2012,1/7/13,12/3/12,USFS-West,Check,1,25,6.1,95,0,0,0,0.3,,,0,,0,0,0,,,,,0
2012,1/7/13,12/3/12,USFS-West,Check,1,26,5.7,70,0,0,0,0.6,b,,0,,0,0,0,,,,,0
2012,1/7/13,12/3/12,USFS-West,Check,1,27,4,49,1,2,1,1.5,b,,0,,1,0,0,,,,,1
2012,1/7/13,12/3/12,USFS-West,Check,1,28,3.9,55,0,0,0,0.2,,,0,,0,0,0,,,,,0
2012,1/7/13,12/3/12,USFS-West,Check,1,29,4.1,89,0,0,0,0.5,,,0,,0,0,0,,,,,0
2012,1/7/13,12/3/12,USFS-West,Check,1,30,4.4,90,0,0,0,0.5,,,0,,0,0,0,,,,,0
2012,1/7/13,12/3/12,USFS-West,Check,1,31,4.8,61,0,0,0,1,,,0,,0,0,0,,,,,0
2012,1/7/13,12/3/12,USFS-West,Check,1,32,4.3,52,3,5.8,1,0.5,,,0,,3,0,0,,,,,3
2012,1/7/13,12/3/12,USFS-West,Check,1,33,2.5,47,0,0,0,0.6,,,0,,0,0,0,,,,,0
2012,1/7/13,12/3/12,USFS-West,Check,1,34,5.6,85,0,0,0,0.8,,,0,,0,0,0,,,,,0
2012,1/7/13,12/3/12,USFS-West,Check,1,35,9,79,0,0,0,2.6,b,,0,,0,0,0,,,,,0
2012,1/7/13,12/3/12,USFS-West,Check,1,36,8.6,96,0,0,0,2.3,b,,0,,0,0,0,,,,,0
2012,1/7/13,12/3/12,USFS-West,Check,1,37,5,67,4,6,1,0.6,,,0,,4,0,0,,,,,4
2012,1/7/13,12/3/12,USFS-West,Check,1,38,5.6,64,0,0,0,0.7,,,0,,0,0,0,,,,,0
2012,1/7/13,12/3/12,USFS-West,Check,1,39,4.2,66,0,0,0,0.5,,,0,,0,0,0,,,,,0
2012,1/7/13,12/3/12,USFS-West,Check,1,40,4.8,62,0,0,0,1.5,b,,0,,0,0,0,,,,,0
2012,1/7/13,12/3/12,USFS-West,Check,1,41,4.8,83,0,0,0,0.9,b,,0,,0,0,0,,,,,0
2012,1/7/13,12/3/12,USFS-West,Check,1,42,4.8,75,0,0,0,0.3,,,0,,0,0,0,,,,,0
2012,1/7/13,12/3/12,USFS-West,Check,1,43,2.7,48,0,0,0,0.6,,,0,,0,0,0,,,,,0
2012,1/7/13,12/3/12,USFS-West,Check,1,44,5.4,73,0,0,0,1.1,b,,0,,0,0,0,,,,,0
2012,1/7/13,12/3/12,USFS-West,Check,1,45,3.4,83,0,0,0,0.5,,,0,,0,0,0,,,,,0
2012,1/7/13,12/3/12,USFS-West,Check,1,46,6.3,69,0,0,0,1.7,b,,0,,0,0,0,,,,,0
2012,1/7/13,12/3/12,USFS-West,Check,1,47,5,63,0,0,0,0.5,,,0,,0,0,0,,,,,0
2012,1/7/13,12/3/12,USFS-West,Check,1,48,2.7,63,0,0,0,0.4,,,0,,0,0,0,,,,,0
2012,1/7/13,12/3/12,USFS-West,Check,1,49,4.1,60,0,0,0,1.7,b,,0,,0,0,0,,,,,0
2012,1/7/13,12/3/12,USFS-West,Check,1,50,4.6,83,0,0,0,1.2,b,,0,,0,0,0,,,,,0
2012,1/9/13,12/3/12,USFS-South,Check,0,1,4.3,88,1,1.1,1,0.9,,,0,,1,0,0,,,,,1
2012,1/9/13,12/3/12,USFS-South,Check,0,2,6.2,94,0,0,0,0.7,,,0,,0,0,0,,,,,0
2012,1/9/13,12/3/12,USFS-South,Check,0,3,6.6,79,0,0,0,1.3,b,,0,,0,0,0,,,,,0
2012,1/9/13,12/3/12,USFS-South,Check,0,4,5.2,50,16,32,1,2,b,,0,,16,0,0,,,,,16
2012,1/9/13,12/3/12,USFS-South,Check,0,5,3,39,2,5.1,1,0.9,,,0,,2,0,0,,,,,2
2012,1/9/13,12/3/12,USFS-South,Check,0,6,4.7,88,0,0,0,0.9,,,0,,0,0,0,,,,,0
2012,1/9/13,12/3/12,USFS-South,Check,0,7,3.3,38,4,10.5,1,0.6,,,0,,4,0,0,,,,,4
2012,1/9/13,12/3/12,USFS-South,Check,0,8,7.4,69,0,0,0,1.4,b,,0,,0,0,0,,,,,0
2012,1/10/13,12/3/12,USFS-South,Check,0,9,2.5,45,1,2.2,1,0.6,,,0,,1,0,0,,,,,1
2012,1/10/13,12/3/12,USFS-South,Check,0,10,8.8,82,0,0,0,2.6,b,,0,,0,0,0,,,,,0
2012,1/10/13,12/3/12,USFS-South,Check,0,11,6.7,90,0,0,0,0.5,,,0,,0,0,0,,,,,0
2012,1/10/13,12/3/12,USFS-South,Check,0,12,6.2,67,4,6,1,1.2,b,,0,,4,0,0,,,,,4
2012,1/11/13,12/3/12,USFS-South,Check,0,13,3.3,51,0,0,0,0.9,,,0,,0,0,0,,,,,0
2012,1/11/13,12/3/12,USFS-South,Check,0,14,4.7,61,9,14.8,1,0.7,,,1,,8,0,0,,,,,8
2012,1/11/13,12/3/12,USFS-South,Check,0,15,3.5,51,1,2,1,1.2,b,,0,,1,0,0,,,,,1
2012,1/11/13,12/3/12,USFS-South,Check,0,16,4,42,9,21.4,1,1.5,b,,0,,9,0,0,,,,,9
2012,1/14/13,12/3/12,USFS-South,Check,0,17,3.3,53,3,5.7,1,0.8,b,,0,,3,0,0,,,,,3
2012,1/15/13,12/3/12,USFS-South,Check,0,18,6.2,57,6,10.5,1,1.6,b,,0,,6,0,0,,,,,6
2012,1/15/13,12/3/12,USFS-South,Check,0,19,3.1,45,0,0,0,1.3,b,,0,,0,0,0,,,,,0
2012,1/15/13,12/3/12,USFS-South,Check,0,20,8.2,65,0,0,0,2.3,b,,0,,0,0,0,,,,,0
2012,1/15/13,12/3/12,USFS-South,Check,0,21,3.1,43,2,4.7,1,0.7,b,,0,,2,0,0,,,,,2
2012,1/15/13,12/3/12,USFS-South,Check,0,22,3.1,39,10,25.6,1,0.8,,,0,,10,0,0,,,,,10
2012,1/15/13,12/3/12,USFS-South,Check,0,23,6.4,32,3,9.4,1,2.6,b,,0,,3,0,0,,,,,3
2012,1/15/13,12/3/12,USFS-South,Check,0,24,2.9,40,3,7.5,1,0.7,,,0,,3,0,0,,,,,3
2012,1/15/13,12/3/12,USFS-South,Check,0,25,4.2,72,4,5.6,1,0.8,,,0,,4,0,0,,,,,4
2012,1/15/13,12/3/12,USFS-South,Check,0,26,3.3,34,10,29.4,1,0.7,,,0,,10,0,0,,,,,10
2012,1/15/13,12/3/12,USFS-South,Check,0,27,4.1,47,2,4.3,1,0.7,b,,0,,2,0,0,,,,,2
2012,1/15/13,12/3/12,USFS-South,Check,0,28,5,57,7,12.3,1,0.6,,,0,,7,0,0,,,,,7
2012,1/15/13,12/3/12,USFS-South,Check,0,29,3.4,67,0,0,0,0.3,,,0,,0,0,0,,,,,0
2012,1/15/13,12/3/12,USFS-South,Check,0,30,5.8,62,1,1.6,1,0.9,b,,1,,0,0,0,,,,,0
2012,1/15/13,12/3/12,USFS-South,Check,0,31,3.8,54,0,0,0,0.6,b,,0,,0,0,0,,,,,0
2012,1/15/13,12/3/12,USFS-South,Check,0,32,2.6,38,5,13.2,1,0.6,b,,1,,3,0,1,,,,,3
2012,1/15/13,12/3/12,USFS-South,Check,0,33,7.2,42,1,2.4,1,0.8,,,0,,1,0,0,,,,,1
2012,1/16/13,12/3/12,USFS-South,Check,0,34,7.4,35,1,2.9,1,1.9,b,,0,,0,0,1,,,,,0
2012,1/16/13,12/3/12,USFS-South,Check,0,35,4.9,25,5,20,1,2,b,,0,,5,0,0,,,,,5
2012,1/16/13,12/3/12,USFS-South,Check,0,36,6.2,40,1,2.5,1,2.2,b,,0,,1,0,0,,,,,1
2012,1/16/13,12/3/12,USFS-South,Check,0,37,4.6,43,10,23.3,1,1.8,b,,0,,10,0,0,,,,,10
2012,1/16/13,12/3/12,USFS-South,Check,0,38,6.2,71,0,0,0,1.1,b,,0,,0,0,0,,,,,0
2012,1/16/13,12/3/12,USFS-South,Check,0,39,8,75,3,4,1,3,b,,1,,2,0,0,,,,,2
2012,1/16/13,12/3/12,USFS-South,Check,0,40,6.5,48,5,10.4,1,0.5,,,1,,4,0,0,,,,,4
2012,1/16/13,12/3/12,USFS-South,Check,0,41,3.4,56,1,1.8,1,0.3,,,0,,1,0,0,,,,,1
2012,1/16/13,12/3/12,USFS-South,Check,0,42,7,67,8,11.9,1,1.9,b,,0,,8,0,0,,,,,8
2012,1/16/13,12/3/12,USFS-South,Check,0,43,3.3,51,1,2,1,0.7,,,0,,1,0,0,,,,,1
2012,1/16/13,12/3/12,USFS-South,Check,0,44,2.9,39,0,0,0,0.6,,,0,,0,0,0,,,,,0
2012,1/16/13,12/3/12,USFS-South,Check,0,45,4.2,38,5,13.2,1,0.4,,,3,,2,0,0,,,,,2
2012,1/16/13,12/3/12,USFS-South,Check,0,46,3.1,32,7,21.9,1,0.8,b,,0,,7,0,0,,,,,7
2012,1/16/13,12/3/12,USFS-South,Check,0,47,3.1,34,6,17.6,1,1.6,b,,0,,6,0,0,,,,,6
2012,1/16/13,12/3/12,USFS-South,Check,0,48,3.8,37,5,13.5,1,1.4,b,,0,,5,0,0,,,,,5
2012,1/16/13,12/3/12,USFS-South,Check,0,49,2.2,36,0,0,0,0.3,,,0,,0,0,0,,,,,0
2012,1/16/13,12/3/12,USFS-South,Check,0,50,3.1,31,1,3.2,1,1.6,b,,0,,1,0,0,,,,,1
2012,1/17/13,12/3/12,USFS-North,Check,1,1,6.6,107,0,0,0,0.6,,,0,,0,0,0,,,,,0
2012,1/17/13,12/3/12,USFS-North,Check,1,2,5.7,92,0,0,0,0.4,b,,0,,0,0,0,,,,,0
2012,1/17/13,12/3/12,USFS-North,Check,1,3,6.8,110,0,0,0,0.6,,,0,,0,0,0,,,,,0
2012,1/17/13,12/3/12,USFS-North,Check,1,4,6.3,86,0,0,0,1.5,b,,0,,0,0,0,,,,,0
2012,1/17/13,12/3/12,USFS-North,Check,1,5,2.8,67,3,4.5,1,0.2,,,0,,3,0,0,,,,,3
2012,1/17/13,12/3/12,USFS-North,Check,1,6,6.8,92,0,0,0,0.5,,,0,,0,0,0,,,,,0
2012,1/17/13,12/3/12,USFS-North,Check,1,7,4.1,64,4,6.3,1,0.4,b,,0,,4,0,0,,,,,4
2012,1/17/13,12/3/12,USFS-North,Check,1,8,3.3,46,0,0,0,0.3,,,0,,0,0,0,,,,,0
2012,1/17/13,12/3/12,USFS-North,Check,1,9,3.5,64,0,0,0,0.9,b,,0,,0,0,0,,,,,0
2012,1/17/13,12/3/12,USFS-North,Check,1,10,3.7,51,2,3.9,1,1.4,b,,0,,2,0,0,,,,,2
2012,1/17/13,12/3/12,USFS-North,Check,1,11,6.3,76,0,0,0,1,b,,0,,0,0,0,,,,,0
2012,1/17/13,12/3/12,USFS-North,Check,1,12,3.8,78,9,11.5,1,0.5,,,0,,9,0,0,,,,,9
2012,1/17/13,12/3/12,USFS-North,Check,1,13,3.4,67,3,4.5,1,1.1,b,,0,,3,0,0,,,,,3
2012,1/17/13,12/3/12,USFS-North,Check,1,14,5.7,72,1,1.4,1,1.2,b,,0,,1,0,0,,,,,1
2012,1/17/13,12/3/12,USFS-North,Check,1,15,5.3,73,3,4.1,1,1.2,b,,0,,3,0,0,,,,,3
2012,1/17/13,12/3/12,USFS-North,Check,1,16,2.8,49,1,2,1,0.5,b,,0,,1,0,0,,,,,1
2012,1/17/13,12/3/12,USFS-North,Check,1,17,7.2,100,0,0,0,0.5,,,0,,0,0,0,,,,,0
2012,1/17/13,12/3/12,USFS-North,Check,1,18,4.2,74,0,0,0,,,,0,,0,0,0,,,,,0
2012,1/17/13,12/3/12,USFS-North,Check,1,19,5.6,75,0,0,0,0.5,,,0,,0,0,0,,,,,0
2012,1/17/13,12/3/12,USFS-North,Check,1,20,5.6,100,1,1,1,0.7,,,0,,1,0,0,,,,,1
2012,1/17/13,12/3/12,USFS-North,Check,1,21,6.4,93,0,0,0,0.9,,,0,,0,0,0,,,,,0
2012,1/17/13,12/3/12,USFS-North,Check,1,22,4.2,62,4,6.5,1,0.8,,,0,,4,0,0,,,,,4
2012,1/17/13,12/3/12,USFS-North,Check,1,23,6.2,58,0,0,0,0.9,b,,0,,0,0,0,,,,,0
2012,1/17/13,12/3/12,USFS-North,Check,1,24,4.4,46,0,0,0,0.9,b,,0,,0,0,0,,,,,0
2012,1/17/13,12/3/12,USFS-North,Check,1,25,4.9,65,4,6.2,1,0.6,,,0,,4,0,0,,,,,4
2012,1/17/13,12/3/12,USFS-North,Check,1,26,6.9,82,0,0,0,2,b,,0,,0,0,0,,,,,0
2012,1/17/13,12/3/12,USFS-North,Check,1,27,4.4,72,1,1.4,1,0.7,,,0,,1,0,0,,,,,1
2012,1/17/13,12/3/12,USFS-North,Check,1,28,5,69,6,8.7,1,1.4,b,,0,,6,0,0,,,,,6
2012,1/17/13,12/3/12,USFS-North,Check,1,29,3.9,64,7,10.9,1,0.4,,,0,,7,0,0,,,,,7
2012,1/17/13,12/3/12,USFS-North,Check,1,30,8,98,0,0,0,0.4,,,0,,0,0,0,,,,,0
2012,1/17/13,12/3/12,USFS-North,Check,1,31,3.7,58,0,0,0,0.8,b,,0,,0,0,0,,,,,0
2012,1/17/13,12/3/12,USFS-North,Check,1,32,5.2,51,1,2,1,1.2,,,0,,1,0,0,,,,,1
2012,1/24/13,12/3/12,USFS-North,Check,1,33,8.3,77,1,1.3,1,0.9,b,,0,,1,0,0,,,,,1
2012,1/24/13,12/3/12,USFS-North,Check,1,34,8.1,91,5,5.5,1,1.2,b,,5,,0,0,0,,,,,0
2012,1/24/13,12/3/12,USFS-North,Check,1,35,5.2,78,8,10.3,1,1.7,b,,0,,8,0,0,,,,,8
2012,1/24/13,12/3/12,USFS-North,Check,1,36,3.8,53,0,0,0,0.9,b,,0,,0,0,0,,,,,0
2012,1/25/13,12/3/12,USFS-North,Check,1,37,4.9,54,0,0,0,1.1,,,0,,0,0,0,,,,,0
2012,1/25/13,12/3/12,USFS-North,Check,1,38,4.9,68,2,2.9,1,1,b,,0,,2,0,0,,,,,2
2012,1/25/13,12/3/12,USFS-North,Check,1,39,5.3,67,1,1.5,1,1.2,,,0,,1,0,0,,,,,1
2012,1/25/13,12/3/12,USFS-North,Check,1,40,8.8,96,0,0,0,1.8,b,,0,,0,0,0,,,,,0
2012,1/25/13,12/3/12,USFS-North,Check,1,41,3.9,65,0,0,0,1.1,,,0,,0,0,0,,,,,0
2012,1/25/13,12/3/12,USFS-North,Check,1,42,3.8,64,3,4.7,1,1.3,b,,0,,3,0,0,,,,,3
2012,1/25/13,12/3/12,USFS-North,Check,1,43,4.2,71,0,0,0,1.4,b,,0,,0,0,0,,,,,0
2012,1/25/13,12/3/12,USFS-North,Check,1,44,3.3,51,0,0,0,0.9,,,0,,0,0,0,,,,,0
2012,1/25/13,12/3/12,USFS-North,Check,1,45,7.2,51,1,2,1,2.1,b,,0,,1,0,0,,,,,1
2012,1/25/13,12/3/12,USFS-North,Check,1,46,5,53,2,3.8,1,1.8,b,,0,,2,0,0,,,,,2
2012,1/25/13,12/3/12,USFS-North,Check,1,47,3.4,53,4,7.5,1,0.4,,,0,,4,0,0,,,,,4
2012,1/25/13,12/3/12,USFS-North,Check,1,48,3.2,57,0,0,0,0.8,b,,0,,0,0,0,,,,,0
2012,1/25/13,12/3/12,USFS-North,Check,1,49,5.2,52.5,2,3.8,1,3.1,b,,1,,1,0,0,,,,,1
2012,1/25/13,12/3/12,USFS-North,Check,1,50,4.3,58,5,8.6,1,0.6,,,0,,5,0,0,,,,,5
2012,1/28/13,12/3/12,Center,Release,0,1,5,60,32,53.3,1,2.6,b,,1,,31,0,0,,,,,31
2012,1/28/13,12/3/12,Center,Release,0,2,7.6,62,16,25.8,1,2.7,b,,8,,8,0,0,,,,,8
2012,1/28/13,12/3/12,Center,Release,0,3,5.9,62.5,67,107.2,1,1.4,b,,1,,63,3,0,,,,,66
2012,1/28/13,12/3/12,Center,Release,0,4,6,56,34,60.7,1,1.1,b,,20,,5,9,0,,,,,14
2012,1/28/13,12/3/12,Center,Release,0,5,4.4,39.5,11,27.8,1,1.4,b,,0,,11,0,0,,,,,11
2012,1/28/13,12/3/12,Center,Release,0,6,6.2,57.5,9,15.7,1,1.1,,,0,,9,0,0,,,,,9
2012,1/28/13,12/3/12,Center,Release,0,7,3.3,30,8,26.7,1,1.2,,,0,,8,0,0,,,,,8
2012,1/28/13,12/3/12,Center,Release,0,8,3.4,34,7,20.6,1,1.7,b,,0,,7,0,0,,,,,7
2012,1/28/13,12/3/12,Center,Release,0,9,3.5,40.5,13,32.1,1,1.8,b,,2,,11,0,0,,,,,11
2012,1/28/13,12/3/12,Center,Release,0,10,6.7,41.5,11,26.5,1,1.7,,,0,,11,0,0,,,,,11
2012,1/28/13,12/3/12,Center,Release,0,11,4.8,31,7,22.6,1,2,b,,4,,3,0,0,,,,,3
2012,1/28/13,12/3/12,Center,Release,0,12,5.2,45,35,77.8,1,2.4,b,,1,,34,0,0,,,,,34
2012,1/28/13,12/3/12,Center,Release,0,13,5.4,42,10,23.8,1,1.8,b,,1,,9,0,0,,,,,9
2012,1/28/13,12/3/12,Center,Release,0,14,6.8,61,11,18,1,2.3,b,,4,,7,0,0,,,,,7
2012,1/28/13,12/3/12,Center,Release,0,15,5.4,48,38,79.2,1,2.2,b,,3,,35,0,0,,,,,35
2012,1/28/13,12/3/12,Center,Release,0,16,3.6,27,13,48.1,1,1.9,b,,2,,11,0,0,,,,,11
2012,1/29/13,12/3/12,Center,Release,0,17,4.8,30.5,15,49.2,1,1.1,b,,4,,11,0,0,,,,,11
2012,1/29/13,12/3/12,Center,Release,0,18,5.1,47.5,31,65.3,1,1,b,,7,,17,7,0,,,,,24
2012,1/29/13,12/3/12,Center,Release,0,19,4,29,16,55.2,1,1.5,b,,13,,3,0,0,,,,,3
2012,1/29/13,12/3/12,Center,Release,0,20,5.8,51,39,76.5,1,2.9,b,,1,,36,2,0,,,,,38
2012,1/29/13,12/3/12,Center,Release,0,21,4.5,43,26,60.5,1,1.6,b,,1,,22,3,0,,,,,25
2012,1/29/13,12/3/12,Center,Release,0,22,5.7,44,20,45.5,1,1.8,b,,1,,19,0,0,,,,,19
2012,1/29/13,12/3/12,Center,Release,0,23,6,36,29,80.6,1,3.6,b,,3,,24,2,0,,,,,26
2012,1/29/13,12/3/12,Center,Release,0,24,4,32,5,15.6,1,1.1,,,1,,3,1,0,,,,,4
2012,1/29/13,12/3/12,Center,Release,0,25,6.4,48,20,41.7,1,1.5,,,4,,16,0,0,,,,,16
2012,1/29/13,12/3/12,Center,Release,0,26,4.3,26.5,21,79.2,1,1,,,2,,7,12,0,,,,,19
2012,1/29/13,12/3/12,Center,Release,0,27,4.9,41,26,63.4,1,2,b,,9,,12,5,0,,,,,17
2012,1/29/13,12/3/12,Center,Release,0,28,4.4,32,9,28.1,1,2.3,b,,1,,5,3,0,,,,,8
2012,1/29/13,12/3/12,Center,Release,0,29,2.3,17.5,10,57.1,1,1,b,,9,,1,0,0,,,,,1
2012,1/29/13,12/3/12,Center,Release,0,30,3.2,24,12,50,1,1.2,b,,0,,12,0,0,,,,,12
2012,1/29/13,12/3/12,Center,Release,0,31,3.9,31.5,14,44.4,1,2.6,b,,4,,2,8,0,,,,,10
2012,1/29/13,12/3/12,Center,Release,0,32,4.3,32.5,12,36.9,1,1,,,1,,9,2,0,,,,,11
2012,1/29/13,12/3/12,Center,Release,0,33,5.1,42,20,47.6,1,2.1,b,,8,,4,8,0,,,,,12
2012,1/29/13,12/3/12,Center,Release,0,34,8.2,39,12,30.8,1,2,b,,2,,9,1,0,,,,,10
2012,1/29/13,12/3/12,Center,Release,0,35,5.5,48,44,91.7,1,0.7,,,31,,7,6,0,,,,,13
2012,1/29/13,12/3/12,Center,Release,0,36,4.5,38.5,13,33.8,1,1,,,0,,10,3,0,,,,,13
2012,1/29/13,12/3/12,Center,Release,0,37,5.1,50,36,72,1,0.9,b,,31,,0,5,0,,,,,5
2012,1/29/13,12/3/12,Center,Release,0,38,3.7,29,10,34.5,1,1.3,,,4,,6,0,0,,,,,6
2012,1/31/13,12/3/12,Center,Release,0,39,6.1,49,23,46.9,1,2.5,b,,14,,6,3,0,,,,,9
2012,1/31/13,12/3/12,Center,Release,0,40,3.7,32,4,12.5,1,0.5,,,4,,0,0,0,,,,,0
2012,1/31/13,12/3/12,Center,Release,0,41,3.9,33,16,48.5,1,1.7,b,,4,,12,0,0,,,,,12
2012,1/31/13,12/3/12,Center,Release,0,42,5.2,32,11,34.4,1,2.7,b,,1,,10,0,0,,,,,10
2012,1/31/13,12/3/12,Center,Release,0,43,3.3,29,12,41.4,1,1.8,b,,0,,11,1,0,,,,,12
2012,1/31/13,12/3/12,Center,Release,0,44,3.5,32,16,50,1,1.3,,,2,,14,0,0,,,,,14
2012,1/31/13,12/3/12,Center,Release,0,45,3.3,27,17,63,1,1.3,b,,0,,17,0,0,,,,,17
2012,1/31/13,12/3/12,Center,Release,0,46,3.4,37,24,64.9,1,1.6,b,,0,,24,0,0,,,,,24
2012,1/31/13,12/3/12,Center,Release,0,47,3.3,37,19,51.4,1,0.7,,,0,,19,0,0,,,,,19
2012,1/31/13,12/3/12,Center,Release,0,48,2.4,22,8,36.4,1,1.8,b,,6,,2,0,0,,,,,2
2012,1/31/13,12/3/12,Center,Release,0,49,2.7,29,12,41.4,1,0.8,,,0,,12,0,0,,,,,12
2012,1/31/13,12/3/12,Center,Release,0,50,2.6,26,4,15.4,1,1.3,b,,0,,-2,6,0,,,,,4
2012,1/31/13,12/3/12,East,Release,0,1,6.1,62.5,17,27.2,1,1.3,b,,7,,8,2,0,,,,,10
2012,1/31/13,12/3/12,East,Release,0,2,5.1,47.5,20,42.1,1,1,,,0,,20,0,0,,,,,20
2012,1/31/13,12/3/12,East,Release,0,3,5.3,40,23,57.5,1,2,b,,0,,23,0,0,,,,,23
2012,1/31/13,12/3/12,East,Release,0,4,4,47,19,40.4,1,1.6,,,0,,19,0,0,,,,,19
2012,1/31/13,12/3/12,East,Release,0,5,5.3,54,16,29.6,1,0.8,,,0,,16,0,0,,,,,16
2012,1/31/13,12/3/12,East,Release,0,6,6.5,48,32,66.7,1,1.1,,,2,,17,13,0,,,,,30
2012,1/31/13,12/3/12,East,Release,0,7,6.4,54,27,50,1,1.7,b,,1,,17,9,0,,,,,26
2012,1/31/13,12/3/12,East,Release,0,8,1.9,22,3,13.6,1,0.8,,,0,,3,0,0,,,,,3
2012,1/31/13,12/3/12,East,Release,0,9,4.8,50,5,10,1,1.2,,,2,,3,0,0,,,,,3
2012,1/31/13,12/3/12,East,Release,0,10,3.5,29,5,17.2,1,1.1,,,0,,3,2,0,,,,,5
2012,1/31/13,12/3/12,East,Release,0,11,6.2,55,22,40,1,2,b,,0,,21,1,0,,,,,22
2012,1/31/13,12/3/12,East,Release,0,12,4.6,51.5,18,35,1,1.8,,,0,,18,0,0,,,,,18
2012,1/31/13,12/3/12,East,Release,0,13,4.4,51,23,45.1,1,1.8,b,,0,,22,1,0,,,,,23
2012,2/1/13,12/3/12,East,Release,0,14,5,59,48,81.4,1,1.1,b,,0,,40,8,0,,,,,48
2012,2/1/13,12/3/12,East,Release,0,15,4.4,58,31,53.4,1,1.1,b,,1,,30,0,0,,,,,30
2012,2/1/13,12/3/12,East,Release,0,16,4.7,52,23,44.2,1,1,b,,0,,23,0,0,,,,,23
2012,2/1/13,12/3/12,East,Release,0,17,4,41,22,53.7,1,2.1,b,,2,,20,0,0,,,,,20
2012,2/1/13,12/3/12,East,Release,0,18,4.8,47,32,68.1,1,1,,,2,,30,0,0,,,,,30
2012,2/1/13,12/3/12,East,Release,0,19,5.6,47,5,10.6,1,2.4,b,,2,,3,0,0,,,,,3
2012,2/1/13,12/3/12,East,Release,0,20,3.7,47,9,19.1,1,0.5,,,3,,5,1,0,,,,,6
2012,2/1/13,12/3/12,East,Release,0,21,4.2,42,9,21.4,1,2,b,,0,,8,1,0,,,,,9
2012,2/1/13,12/3/12,East,Release,0,22,5.6,46,13,28.3,1,2.6,b,,0,,13,0,0,,,,,13
2012,2/1/13,12/3/12,East,Release,0,23,3.1,42,17,40.5,1,1,,,0,,17,0,0,,,,,17
2012,2/1/13,12/3/12,East,Release,0,24,5.2,45,22,48.9,1,1.5,b,,1,,21,0,0,,,,,21
2012,2/1/13,12/3/12,East,Release,0,25,3.8,39,5,12.8,1,1.3,b,,0,,4,1,0,,,,,5
2012,2/1/13,12/3/12,East,Release,0,26,4.4,34,17,50,1,2.7,b,,0,,14,3,0,,,,,17
2012,2/1/13,12/3/12,East,Release,0,27,6.1,33,34,103,1,2.6,b,,0,,34,0,0,,,,,34
2012,2/1/13,12/3/12,East,Release,0,28,4.2,44,8,18.2,1,1.6,b,,0,,5,3,0,,,,,8
2012,2/1/13,12/3/12,East,Release,0,29,4,40,37,92.5,1,1.9,,,0,,35,2,0,,,,,37
2012,2/1/13,12/3/12,East,Release,0,30,4.3,38,4,10.5,1,1.3,,,1,,1,2,0,,,,,3
2012,2/1/13,12/3/12,East,Release,0,31,4.4,39,17,43.6,1,0.9,,,1,,16,0,0,,,,,16
2012,2/1/13,12/3/12,East,Release,0,32,4.1,28,3,10.7,1,0.9,,,3,,0,0,0,,,,,0
2012,2/1/13,12/3/12,East,Release,0,33,6.9,34,23,67.6,1,1.3,,,0,,12,11,0,,,,,23
2012,2/1/13,12/3/12,East,Release,0,34,6.1,30.5,10,32.8,1,1.5,,,7,,0,3,0,,,,,3
2012,2/1/13,12/3/12,East,Release,0,35,4.7,43,19,44.2,1,1.4,,,0,,18,0,1,,,,,18
2012,2/1/13,12/3/12,East,Release,0,36,5.1,39,7,17.9,1,2.2,,,1,,4,2,0,,,,,6
2012,2/1/13,12/3/12,East,Release,0,37,3.9,29,10,34.5,1,0.9,,,0,,10,0,0,,,,,10
2012,2/1/13,12/3/12,East,Release,0,38,3.6,29.5,9,30.5,1,1.8,,,0,,9,0,0,,,,,9
2012,2/1/13,12/3/12,East,Release,0,39,5.4,38,17,44.7,1,1.6,,,4,,1,12,0,,,,,13
2012,2/1/13,12/3/12,East,Release,0,40,4,37,8,21.6,1,0.9,,,2,,6,0,0,,,,,6
2012,2/1/13,12/3/12,East,Release,0,41,3.8,29,22,75.9,1,1.1,,,0,,22,0,0,,,,,22
2012,2/1/13,12/3/12,East,Release,0,42,3.4,33.5,15,44.8,1,1,,,0,,4,11,0,,,,,15
2012,2/1/13,12/3/12,East,Release,0,43,5.9,39,8,20.5,1,2.1,b,,1,,4,3,0,,,,,7
2012,2/1/13,12/3/12,East,Release,0,44,3.8,31.5,20,63.5,1,1.5,,,0,,20,0,0,,,,,20
2012,2/1/13,12/3/12,East,Release,0,45,3.3,30,12,40,1,1.2,b,,0,,12,0,0,,,,,12
2012,2/1/13,12/3/12,East,Release,0,46,3.8,31,14,45.2,1,2,b,,0,,14,0,0,,,,,14
2012,2/1/13,12/3/12,East,Release,0,47,3.1,27.5,10,36.4,1,0.6,,,2,,8,0,0,,,,,8
2012,2/1/13,12/3/12,East,Release,0,48,2.4,25,10,40,1,1.4,,,0,,10,0,0,,,,,10
2012,2/1/13,12/3/12,East,Release,0,49,4.3,26,12,46.2,1,2.5,b,,1,,8,3,0,,,,,11
2012,2/1/13,12/3/12,East,Release,0,50,4.2,22.5,11,48.9,1,3,b,,2,,9,0,0,,,,,9
2013,11/12/13,11/7/13,USFS-West,Check,1,1,2.1,20,0,0,0,,,,0,,,,,,,,,0
2013,11/12/13,11/7/13,USFS-West,Check,1,2,2.6,21,0,0,0,,,,0,,,,,,,,,0
2013,11/12/13,11/7/13,USFS-West,Check,1,3,2.9,19.5,0,0,0,,,,0,,,,,,,,,0
2013,11/12/13,11/7/13,USFS-West,Check,1,4,2.6,16,0,0,0,,,,0,,,,,,,,,0
2013,11/12/13,11/7/13,USFS-West,Check,1,5,1.9,19,0,0,0,,,,0,,,,,,,,,0
2013,11/12/13,11/7/13,USFS-West,Check,1,6,3.5,25,0,0,0,,,,0,,,,,,,,,0
2013,11/12/13,11/7/13,USFS-West,Check,1,7,2.3,24,0,0,0,,,,0,,,,,,,,,0
2013,11/12/13,11/7/13,USFS-West,Check,1,8,2,16.5,0,0,0,,,,0,,,,,,,,,0
2013,11/12/13,11/7/13,USFS-West,Check,1,9,2.2,14,0,0,0,,,,0,,,,,,,,,0
2013,11/12/13,11/7/13,USFS-West,Check,1,10,2,15.5,0,0,0,,,,0,,,,,,,,,0
2013,11/12/13,11/7/13,USFS-West,Check,1,11,1.7,14.5,0,0,0,,,,0,,,,,,,,,0
2013,11/12/13,11/7/13,USFS-West,Check,1,12,1.7,7.5,0,0,0,,,,0,,,,,,,,,0
2013,11/12/13,11/7/13,USFS-West,Check,1,13,2.5,16.5,0,0,0,,,,0,,,,,,,,,0
2013,11/12/13,11/7/13,USFS-West,Check,1,14,2.8,17,0,0,0,,,,0,,,,,,,,,0
2013,11/12/13,11/7/13,USFS-West,Check,1,15,1.7,13.5,0,0,0,,,,0,,,,,,,,,0
2013,11/12/13,11/7/13,USFS-West,Check,1,16,2.6,15.5,0,0,0,,,,0,,,,,,,,,0
2013,11/12/13,11/7/13,USFS-West,Check,1,17,1.5,9,0,0,0,,,,0,,,,,,,,,0
2013,11/12/13,11/7/13,USFS-West,Check,1,18,2.5,15,0,0,0,,,,0,,,,,,,,,0
2013,11/12/13,11/7/13,USFS-West,Check,1,19,2.7,20.5,0,0,0,,,,0,,,,,,,,,0
2013,11/12/13,11/7/13,USFS-West,Check,1,20,1.6,9,0,0,0,,,,0,,,,,,,,,0
2013,11/13/13,11/7/13,USFS-South,Check,0,1,2,14,0,0,0,,,,0,,,,,,,,,0
2013,11/13/13,11/7/13,USFS-South,Check,0,2,1.9,11,0,0,0,,,,0,,,,,,,,,0
2013,11/13/13,11/7/13,USFS-South,Check,0,3,1.4,11,0,0,0,,,,0,,,,,,,,,0
2013,11/13/13,11/7/13,USFS-South,Check,0,4,2.1,15.5,0,0,0,,,,0,,,,,,,,,0
2013,11/13/13,11/7/13,USFS-South,Check,0,5,2.2,18.5,0,0,0,,,,0,,,,,,,,,0
2013,11/13/13,11/7/13,USFS-South,Check,0,6,2.1,15,0,0,0,,,,0,,,,,,,,,0
2013,11/13/13,11/7/13,USFS-South,Check,0,7,1.5,13,0,0,0,,,,0,,,,,,,,,0
2013,11/13/13,11/7/13,USFS-South,Check,0,8,2.4,10,0,0,0,,,,0,,,,,,,,,0
2013,11/13/13,11/7/13,USFS-South,Check,0,9,2.3,12,0,0,0,,,,0,,,,,,,,,0
2013,11/13/13,11/7/13,USFS-South,Check,0,10,2.4,10,0,0,0,,,,0,,,,,,,,,0
2013,11/13/13,11/7/13,USFS-South,Check,0,11,1.6,10,0,0,0,,,,0,,,,,,,,,0
2013,11/13/13,11/7/13,USFS-South,Check,0,12,3.6,28.5,0,0,0,,,,0,,,,,,,,,0
2013,11/13/13,11/7/13,USFS-South,Check,0,13,2.4,30,0,0,0,,,,0,,,,,,,,,0
2013,11/13/13,11/7/13,USFS-South,Check,0,14,2.1,19,0,0,0,,,,0,,,,,,,,,0
2013,11/13/13,11/7/13,USFS-South,Check,0,15,1.6,11.5,0,0,0,,,,0,,,,,,,,,0
2013,11/13/13,11/7/13,USFS-South,Check,0,16,1.9,12,0,0,0,,,,0,,,,,,,,,0
2013,11/13/13,11/7/13,USFS-South,Check,0,17,2.9,20.5,0,0,0,,,,0,,,,,,,,,0
2013,11/13/13,11/7/13,USFS-South,Check,0,18,1.5,11,0,0,0,,,,0,,,,,,,,,0
2013,11/13/13,11/7/13,USFS-South,Check,0,19,2.1,11,0,0,0,,,,0,,,,,,,,,0
2013,11/13/13,11/7/13,USFS-South,Check,0,20,1.8,14,0,0,0,,,,0,,,,,,,,,0
2013,11/13/13,11/7/13,USFS-North,Check,1,1,2.7,23.5,0,0,0,,,,0,,,,,,,,,0
2013,11/13/13,11/7/13,USFS-North,Check,1,2,2.4,9,0,0,0,,,,0,,,,,,,,,0
2013,11/13/13,11/7/13,USFS-North,Check,1,3,3.6,19,0,0,0,,,,0,,,,,,,,,0
2013,11/13/13,11/7/13,USFS-North,Check,1,4,2.1,16.5,0,0,0,,,,0,,,,,,,,,0
2013,11/13/13,11/7/13,USFS-North,Check,1,5,2.2,12,0,0,0,,,,0,,,,,,,,,0
2013,11/13/13,11/7/13,USFS-North,Check,1,6,3,13.5,0,0,0,,,,0,,,,,,,,,0
2013,11/13/13,11/7/13,USFS-North,Check,1,7,1.7,10.5,0,0,0,,,,0,,,,,,,,,0
2013,11/13/13,11/7/13,USFS-North,Check,1,8,2.3,12,0,0,0,,,,0,,,,,,,,,0
2013,11/13/13,11/7/13,USFS-North,Check,1,9,2,6,0,0,0,,,,0,,,,,,,,,0
2013,11/13/13,11/7/13,USFS-North,Check,1,10,1.8,11,0,0,0,,,,0,,,,,,,,,0
2013,11/13/13,11/7/13,USFS-North,Check,1,11,1.8,6.5,0,0,0,,,,0,,,,,,,,,0
2013,11/13/13,11/7/13,USFS-North,Check,1,12,1.6,12.5,0,0,0,,,,0,,,,,,,,,0
2013,11/13/13,11/7/13,USFS-North,Check,1,13,1.7,7.5,0,0,0,,,,0,,,,,,,,,0
2013,11/13/13,11/7/13,USFS-North,Check,1,14,1.8,14,0,0,0,,,,0,,,,,,,,,0
2013,11/13/13,11/7/13,USFS-North,Check,1,15,2.4,12.5,0,0,0,,,,0,,,,,,,,,0
2013,11/13/13,11/7/13,USFS-North,Check,1,16,2.3,11.5,0,0,0,,,,0,,,,,,,,,0
2013,11/13/13,11/7/13,USFS-North,Check,1,17,2.6,13.5,0,0,0,,,,0,,,,,,,,,0
2013,11/13/13,11/7/13,USFS-North,Check,1,18,1.4,7,0,0,0,,,,0,,,,,,,,,0
2013,11/13/13,11/7/13,USFS-North,Check,1,19,1.6,12,0,0,0,,,,0,,,,,,,,,0
2013,11/13/13,11/7/13,USFS-North,Check,1,20,2.6,7,0,0,0,,,,0,,,,,,,,,0
2013,11/13/13,11/7/13,Center,Release,0,1,2.3,11.5,0,0,0,,,,0,,,,,,,,,0
2013,11/13/13,11/7/13,Center,Release,0,2,2.2,13,0,0,0,,,,0,,,,,,,,,0
2013,11/13/13,11/7/13,Center,Release,0,3,2.6,22,0,0,0,,,,0,,,,,,,,,0
2013,11/13/13,11/7/13,Center,Release,0,4,2.8,14.5,0,0,0,,,,0,,,,,,,,,0
2013,11/13/13,11/7/13,Center,Release,0,5,1.9,10.5,0,0,0,,,,0,,,,,,,,,0
2013,11/13/13,11/7/13,Center,Release,0,6,2.7,10,0,0,0,,,,0,,,,,,,,,0
2013,11/13/13,11/7/13,Center,Release,0,7,2.3,8,0,0,0,,,,0,,,,,,,,,0
2013,11/13/13,11/7/13,Center,Release,0,8,3.5,21,0,0,0,,,,0,,,,,,,,,0
2013,11/13/13,11/7/13,Center,Release,0,9,3.2,15.5,0,0,0,,,,0,,,,,,,,,0
2013,11/13/13,11/7/13,Center,Release,0,10,2.1,19,0,0,0,,,,0,,,,,,,,,0
2013,11/13/13,11/7/13,Center,Release,0,11,3,20,0,0,0,,,,0,,,,,,,,,0
2013,11/13/13,11/7/13,Center,Release,0,12,3.9,25,0,0,0,,,,0,,,,,,,,,0
2013,11/13/13,11/7/13,Center,Release,0,13,2.7,13,0,0,0,,,,0,,,,,,,,,0
2013,11/13/13,11/7/13,Center,Release,0,14,3.1,23.5,0,0,0,,,,0,,,,,,,,,0
2013,11/13/13,11/7/13,Center,Release,0,15,2.5,14.5,0,0,0,,,,0,,,,,,,,,0
2013,11/13/13,11/7/13,Center,Release,0,16,1.7,13,0,0,0,,,,0,,,,,,,,,0
2013,11/13/13,11/7/13,Center,Release,0,17,1.9,18,0,0,0,,,,0,,,,,,,,,0
2013,11/13/13,11/7/13,Center,Release,0,18,2.3,8.5,0,0,0,,,,0,,,,,,,,,0
2013,11/13/13,11/7/13,Center,Release,0,19,2.1,13,0,0,0,,,,0,,,,,,,,,0
2013,11/14/13,11/7/13,West,Release,1,1,2.4,9.5,0,0,0,,,,0,,,,,,,,,0
2013,11/14/13,11/7/13,West,Release,1,2,3.1,16.5,0,0,0,,,,0,,,,,,,,,0
2013,11/14/13,11/7/13,West,Release,1,3,2.6,4,0,0,0,,,,0,,,,,,,,,0
2013,11/14/13,11/7/13,West,Release,1,4,1.6,8.5,0,0,0,,,,0,,,,,,,,,0
2013,11/14/13,11/7/13,West,Release,1,5,2.4,11,0,0,0,,,,0,,,,,,,,,0
2013,11/14/13,11/7/13,West,Release,1,6,1.9,13,0,0,0,,,,0,,,,,,,,,0
2013,11/14/13,11/7/13,West,Release,1,7,2.5,12.5,0,0,0,,,,0,,,,,,,,,0
2013,11/14/13,11/7/13,West,Release,1,8,1.8,11,0,0,0,,,,0,,,,,,,,,0
2013,11/14/13,11/7/13,West,Release,1,9,2,11,0,0,0,,,,0,,,,,,,,,0
2013,11/14/13,11/7/13,West,Release,1,10,2.3,11,0,0,0,,,,0,,,,,,,,,0
2013,11/14/13,11/7/13,West,Release,1,11,2.3,13,0,0,0,,,,0,,,,,,,,,0
2013,11/14/13,11/7/13,West,Release,1,12,1.7,8.5,0,0,0,,,,0,,,,,,,,,0
2013,11/14/13,11/7/13,West,Release,1,13,1.8,8,0,0,0,,,,0,,,,,,,,,0
2013,11/14/13,11/7/13,West,Release,1,14,3.1,14.5,0,0,0,,,,0,,,,,,,,,0
2013,11/14/13,11/7/13,West,Release,1,15,2.4,10,0,0,0,,,,0,,,,,,,,,0
2013,11/14/13,11/7/13,West,Release,1,16,2.1,12.5,0,0,0,,,,0,,,,,,,,,0
2013,11/14/13,11/7/13,West,Release,1,17,1.7,7.5,0,0,0,,,,0,,,,,,,,,0
2013,11/14/13,11/7/13,West,Release,1,18,2.6,9,0,0,0,,,,0,,,,,,,,,0
2013,11/14/13,11/7/13,West,Release,1,19,1.5,12,0,0,0,,,,0,,,,,,,,,0
2013,11/14/13,11/7/13,West,Release,1,20,1.7,14,0,0,0,,,,0,,,,,,,,,0
2013,11/15/13,11/7/13,East,Release,0,1,1.8,12,0,0,0,,,,0,,,,,,,,,0
2013,11/15/13,11/7/13,East,Release,0,2,2.6,8,0,0,0,,,,0,,,,,,,,,0
2013,11/15/13,11/7/13,East,Release,0,3,2,6,0,0,0,,,,0,,,,,,,,,0
2013,11/15/13,11/7/13,East,Release,0,4,2.2,10.5,0,0,0,,,,0,,,,,,,,,0
2013,11/15/13,11/7/13,East,Release,0,5,2.7,5,0,0,0,,,,0,,,,,,,,,0
2013,11/15/13,11/7/13,East,Release,0,6,2.1,18,0,0,0,,,,0,,,,,,,,,0
2013,11/15/13,11/7/13,East,Release,0,7,2.4,13,0,0,0,,,,0,,,,,,,,,0
2013,11/15/13,11/7/13,East,Release,0,8,1.8,9,0,0,0,,,,0,,,,,,,,,0
2013,11/15/13,11/7/13,East,Release,0,9,1.6,12,0,0,0,,,,0,,,,,,,,,0
2013,11/15/13,11/7/13,East,Release,0,10,2.1,9,0,0,0,,,,0,,,,,,,,,0
2013,11/15/13,11/7/13,East,Release,0,11,2.8,16.5,0,0,0,,,,0,,,,,,,,,0
2013,11/15/13,11/7/13,East,Release,0,12,1.4,5,0,0,0,,,,0,,,,,,,,,0
2013,11/15/13,11/7/13,East,Release,0,13,2.2,10,0,0,0,,,,0,,,,,,,,,0
2013,11/15/13,11/7/13,East,Release,0,14,1.8,11,0,0,0,,,,0,,,,,,,,,0
2013,11/15/13,11/7/13,East,Release,0,15,2,4,0,0,0,,,,0,,,,,,,,,0
2013,11/15/13,11/7/13,East,Release,0,16,1.9,2,0,0,0,,,,0,,,,,,,,,0
2013,11/15/13,11/7/13,East,Release,0,17,2.1,13,0,0,0,,,,0,,,,,,,,,0
2013,11/15/13,11/7/13,East,Release,0,18,2.4,5,0,0,0,,,,0,,,,,,,,,0
2013,11/15/13,11/7/13,East,Release,0,19,1.6,13,0,0,0,,,,0,,,,,,,,,0
2013,11/15/13,11/7/13,East,Release,0,20,2.7,8,0,0,0,,,,0,,,,,,,,,0
2014,6/10/15,5/18/15,Center,Release,0,1,7,91,0,0,0,,b,8,0,,,,,,,,,0
2014,6/10/15,5/18/15,Center,Release,0,7,4.2,38,0,0,0,,b,,0,,,,,,,,,0
2014,6/10/15,5/18/15,Center,Release,0,8,5.3,45,0,0,0,,b,,0,,,,,,,,,0
2014,6/10/15,5/18/15,Center,Release,0,9,6.7,56,0,0,0,,b,,0,,,,,,,,,0
2014,6/10/15,5/18/15,Center,Release,0,11,7.3,54,0,0,0,,b,,0,,,,,,,,,0
2014,6/10/15,5/18/15,Center,Release,0,12,8.8,70,0,0,0,,b,49,0,,,,,,,,,0
2014,6/10/15,5/18/15,Center,Release,0,14,4.5,55,0,0,0,,b,,0,,,,,,,,,0
2014,6/10/15,5/18/15,Center,Release,0,15,4.4,78,0,0,0,,b,,0,,,,,,,,,0
2014,6/10/15,5/18/15,Center,Release,0,16,5.3,57,0,0,0,,b,,0,,,,,,,,,0
2014,6/10/15,5/18/15,Center,Release,0,20,6.4,47,0,0,0,,b,,0,,,,,,,,,0
2014,6/10/15,5/18/15,Center,Release,0,21,6.2,44,0,0,0,,b,,0,,,,,,,,,0
2014,6/10/15,5/18/15,Center,Release,0,24,5.6,66,0,0,0,,b,,0,,,,,,,,,0
2014,6/10/15,5/18/15,Center,Release,0,25,5.5,49,0,0,0,,b,33,0,,,,,,,,,0
2014,6/10/15,5/18/15,Center,Release,0,29,5.2,68,0,0,0,,b,,0,,,,,,,,,0
2014,6/10/15,5/18/15,Center,Release,0,30,8.4,59,0,0,0,,b,,0,,,,,,,,,0
2014,6/10/15,5/18/15,Center,Release,0,34,5.4,48,0,0,0,,b,,0,,,,,,,,,0
2014,6/10/15,5/18/15,Center,Release,0,35,7.3,58,0,0,0,,b,,0,,,,,,,,,0
2014,6/10/15,5/18/15,Center,Release,0,37,6.8,45,0,0,0,,b,45,0,,,,,,,,,0
2014,6/10/15,5/18/15,Center,Release,0,38,2.8,40,0,0,0,,b,,0,,,,,,,,,0
2014,6/10/15,5/18/15,Center,Release,0,41,3.4,34,0,0,0,,b,,0,,,,,,,,,0
2014,6/10/15,5/18/15,Center,Release,0,42,6,43,0,0,0,,b,,0,,,,,,,,,0
2014,6/10/15,5/18/15,Center,Release,0,43,2.7,17,0,0,0,,b,,0,,,,,,,,,0
2014,6/10/15,5/18/15,Center,Release,0,45,7.5,32,0,0,0,,b,87,0,,,,,,,,,0
2014,6/10/15,5/18/15,Center,Release,0,52,5,53,0,0,0,,b,,0,,,,,,,,,0
2014,6/10/15,5/18/15,Center,Release,0,53,3.2,41,0,0,0,,b,,0,,,,,,,,,0
2014,6/10/15,5/18/15,Center,Release,0,56,3.3,27,0,0,0,,b,,0,,,,,,,,,0
2014,6/10/15,5/18/15,Center,Release,0,57,4.1,31,0,0,0,,b,,0,,,,,,,,,0
2014,6/10/15,5/18/15,Center,Release,0,58,6.3,39,0,0,0,,b,79,0,,,,,,,,,0
2014,6/10/15,5/18/15,Center,Release,0,59,9.1,70,0,0,0,,b,116,0,,,,,,,,,0
2014,6/10/15,5/18/15,Center,Release,0,65,3.8,74,0,0,0,,b,,0,,,,,,,,,0
2014,6/10/15,5/18/15,Center,Release,0,66,5.5,46,0,0,0,,b,,0,,,,,,,,,0
2014,6/10/15,5/18/15,Center,Release,0,69,4.3,49,0,0,0,,b,,0,,,,,,,,,0
2014,6/10/15,5/18/15,Center,Release,0,73,6.3,61,0,0,0,,b,,0,,,,,,,,,0
2014,6/10/15,5/18/15,Center,Release,0,76,5.7,44,0,0,0,,b,,0,,,,,,,,,0
2014,6/10/15,5/18/15,Center,Release,0,77,3.7,60,0,0,0,,b,,0,,,,,,,,,0
2014,6/10/15,5/18/15,Center,Release,0,78,7.6,58,0,0,0,,b,128,0,,,,,,,,,0
2014,6/10/15,5/18/15,Center,Release,0,79,6.1,52,0,0,0,,b,,0,,,,,,,,,0
2014,6/10/15,5/18/15,Center,Release,0,80,7.6,50,0,0,0,,b,,0,,,,,,,,,0
2014,6/10/15,5/18/15,Center,Release,0,81,5.9,42,0,0,0,,b,,0,,,,,,,,,0
2014,6/10/15,5/18/15,Center,Release,0,82,6.6,48,0,0,0,,b,,0,,,,,,,,,0
2014,6/10/15,5/18/15,Center,Release,0,88,3.7,33,0,0,0,,b,,0,,,,,,,,,0
2014,6/10/15,5/18/15,Center,Release,0,89,7.9,59,0,0,0,,b,,0,,,,,,,,,0
2014,6/10/15,5/18/15,Center,Release,0,90,6.6,48,0,0,0,,b,,0,,,,,,,,,0
2014,6/10/15,5/18/15,Center,Release,0,100,5.1,41,0,0,0,,b,,0,,,,,,,,,0
2014,6/10/15,5/18/15,Center,Release,0,104,3.8,28,0,0,0,,b,32,0,,,,,,,,,0
2014,6/10/15,5/18/15,Center,Release,0,105,5.6,57,0,0,0,,b,,0,,,,,,,,,0
2014,6/10/15,5/18/15,Center,Release,0,106,5.8,34,0,0,0,,b,37,0,,,,,,,,,0
2014,6/10/15,5/18/15,Center,Release,0,107,6.8,46,0,0,0,,b,,0,,,,,,,,,0
2014,6/10/15,5/18/15,Center,Release,0,108,4.9,49,0,0,0,,b,13,0,,,,,,,,,0
2014,6/10/15,5/18/15,Center,Release,0,123,5.4,34,0,0,0,,b,,0,,,,,,,,,0
2014,6/10/15,5/18/15,Center,Release,0,124,5.1,36,0,0,0,,b,,0,,,,,,,,,0
2014,6/10/15,5/18/15,Center,Release,0,125,4.1,45,0,0,0,,b,,0,,,,,,,,,0
2014,6/10/15,5/18/15,Center,Release,0,126,6.3,35,0,0,0,,b,,0,,,,,,,,,0
2014,6/10/15,5/18/15,Center,Release,0,127,5.2,33,0,0,0,,b,,0,,,,,,,,,0
2014,6/10/15,5/18/15,Center,Release,0,128,2.6,27,4,14.8,1,,b,,4,,,,,,,,,0
2014,6/10/15,5/18/15,Center,Release,0,129,4.5,28,0,0,0,,b,,0,,,,,,,,,0
2014,6/10/15,5/18/15,Center,Release,0,130,6.2,32,0,0,0,,b,,0,,,,,,,,,0
2014,6/10/15,5/18/15,Center,Release,0,131,4.1,33,0,0,0,,b,,0,,,,,,,,,0
2014,6/10/15,5/18/15,Center,Release,0,132,4.9,32,0,0,0,,b,,0,,,,,,,,,0
2014,6/10/15,5/18/15,Center,Release,0,133,3.5,17,0,0,0,,b,,0,,,,,,,,,0
2014,6/10/15,5/18/15,Center,Release,0,134,2.9,22,0,0,0,,b,,0,,,,,,,,,0
2014,6/10/15,5/18/15,Center,Release,0,135,2.3,13,0,0,0,,b,,0,,,,,,,,,0
2014,6/10/15,5/18/15,Center,Release,0,136,3.1,24,0,0,0,,b,,0,,,,,,,,,0
2014,6/16/15,5/18/15,West,Release,1,2,4.5,38,0,0,0,,b,,0,,,,,,,,,0
2014,6/16/15,5/18/15,West,Release,1,5,6,77,0,0,0,,b,,0,,,,,,,,,0
2014,6/16/15,5/18/15,West,Release,1,6,5.8,84,0,0,0,,b,,0,,,,,,,,,0
2014,6/16/15,5/18/15,West,Release,1,10,4.7,28,0,0,0,,b,,0,,,,,,,,,0
2014,6/16/15,5/18/15,West,Release,1,11,4.8,28,1,3.6,1,,b,28,1,,,,,,,,,0
2014,6/16/15,5/18/15,West,Release,1,12,3.5,36,0,0,0,,b,,0,,,,,,,,,0
2014,6/16/15,5/18/15,West,Release,1,13,3.9,29,0,0,0,,b,,0,,,,,,,,,0
2014,6/16/15,5/18/15,West,Release,1,14,4.6,23,0,0,0,,b,16,0,,,,,,,,,0
2014,6/16/15,5/18/15,West,Release,1,15,3.6,18,0,0,0,,b,,0,,,,,,,,,0
2014,6/16/15,5/18/15,West,Release,1,16,7.7,54,6,11.1,1,,b,,6,,,,,,,,,0
2014,6/16/15,5/18/15,West,Release,1,18,4,34,2,5.9,1,,b,,2,,,,,,,,,0
2014,6/16/15,5/18/15,West,Release,1,21,4.5,30,0,0,0,,b,,0,,,,,,,,,0
2014,6/16/15,5/18/15,West,Release,1,22,10.8,10,0,0,0,,b,,0,,,,,,,,,0
2014,6/16/15,5/18/15,West,Release,1,23,3,38,0,0,0,,b,,0,,,,,,,,,0
2014,6/16/15,5/18/15,West,Release,1,24,4,31,0,0,0,,b,,0,,,,,,,,,0
2014,6/16/15,5/18/15,West,Release,1,25,5.7,47,0,0,0,,b,,0,,,,,,,,,0
2014,6/16/15,5/18/15,West,Release,1,27,5.2,32,0,0,0,,b,,0,,,,,,,,,0
2014,6/16/15,5/18/15,West,Release,1,35,5,73,0,0,0,,b,,0,,,,,,,,,0
2014,6/16/15,5/18/15,West,Release,1,36,8.8,68,0,0,0,,b,23,0,,,,,,,,,0
2014,6/16/15,5/18/15,West,Release,1,37,3,27,0,0,0,,b,,0,,,,,,,,,0
2014,6/16/15,5/18/15,West,Release,1,41,7.6,64,0,0,0,,b,129,0,,,,,,,,,0
2014,6/16/15,5/18/15,West,Release,1,42,7.3,65,0,0,0,,b,,0,,,,,,,,,0
2014,6/16/15,5/18/15,West,Release,1,43,5.6,61,0,0,0,,b,28,0,,,,,,,,,0
2014,6/16/15,5/18/15,West,Release,1,44,3.4,30,0,0,0,,b,,0,,,,,,,,,0
2014,6/16/15,5/18/15,West,Release,1,46,4.8,49,0,0,0,,b,,0,,,,,,,,,0
2014,6/16/15,5/18/15,West,Release,1,47,3.5,28,0,0,0,,b,,0,,,,,,,,,0
2014,6/16/15,5/18/15,West,Release,1,48,4.4,51,0,0,0,,b,,0,,,,,,,,,0
2014,6/16/15,5/18/15,West,Release,1,49,3.6,21,0,0,0,,b,,0,,,,,,,,,0
2014,6/16/15,5/18/15,West,Release,1,52,5.1,44,0,0,0,,b,,0,,,,,,,,,0
2014,6/16/15,5/18/15,West,Release,1,54,7,49,0,0,0,,b,,0,,,,,,,,,0
2014,6/16/15,5/18/15,West,Release,1,55,3.4,41,0,0,0,,b,,0,,,,,,,,,0
2014,6/16/15,5/18/15,West,Release,1,56,3.7,44,0,0,0,,b,,0,,,,,,,,,0
2014,6/16/15,5/18/15,West,Release,1,57,5.2,40,0,0,0,,b,25,0,,,,,,,,,0
2014,6/16/15,5/18/15,West,Release,1,58,3.6,54,0,0,0,,b,,0,,,,,,,,,0
2014,6/16/15,5/18/15,West,Release,1,59,2.7,42,0,0,0,,b,,0,,,,,,,,,0
2014,6/16/15,5/18/15,West,Release,1,60,2.9,22,0,0,0,,b,,0,,,,,,,,,0
2014,6/16/15,5/18/15,West,Release,1,61,3.8,27,0,0,0,,b,,0,,,,,,,,,0
2014,6/16/15,5/18/15,West,Release,1,62,6.8,52,0,0,0,,b,,0,,,,,,,,,0
2014,6/16/15,5/18/15,West,Release,1,63,7.6,57,0,0,0,,b,,0,,,,,,,,,0
2014,6/16/15,5/18/15,West,Release,1,67,9.2,67,0,0,0,,b,30,0,,,,,,,,,0
2014,6/16/15,5/18/15,West,Release,1,71,5.3,30,0,0,0,,b,,0,,,,,,,,,0
2014,6/16/15,5/18/15,West,Release,1,72,5.9,64,0,0,0,,b,41,0,,,,,,,,,0
2014,6/16/15,5/18/15,West,Release,1,73,6.7,57,0,0,0,,b,,0,,,,,,,,,0
2014,6/16/15,5/18/15,West,Release,1,74,6,41,0,0,0,,b,9,0,,,,,,,,,0
2014,6/16/15,5/18/15,West,Release,1,75,6.5,46,0,0,0,,b,,0,,,,,,,,,0
2014,6/16/15,5/18/15,West,Release,1,79,5.4,59,0,0,0,,b,,0,,,,,,,,,0
2014,6/16/15,5/18/15,West,Release,1,83,6.7,62,0,0,0,,b,35,0,,,,,,,,,0
2014,6/16/15,5/18/15,West,Release,1,84,6.2,67,0,0,0,,b,86,0,,,,,,,,,0
2014,6/16/15,5/18/15,West,Release,1,85,8.1,63,0,0,0,,b,47,0,,,,,,,,,0
2014,6/16/15,5/18/15,West,Release,1,88,6.2,44,0,0,0,,b,33,0,,,,,,,,,0
2014,6/16/15,5/18/15,West,Release,1,90,4.8,43,0,0,0,,b,,0,,,,,,,,,0
2014,6/16/15,5/18/15,West,Release,1,91,3.4,23,0,0,0,,b,,0,,,,,,,,,0
2014,6/16/15,5/18/15,West,Release,1,92,5.3,47,0,0,0,,b,22,0,,,,,,,,,0
2014,6/16/15,5/18/15,West,Release,1,99,3.9,31,0,0,0,,b,,0,,,,,,,,,0
2014,6/16/15,5/18/15,West,Release,1,100,4.8,41,0,0,0,,b,,0,,,,,,,,,0
2014,6/16/15,5/18/15,West,Release,1,101,7.5,64,0,0,0,,b,,0,,,,,,,,,0
2014,6/16/15,5/18/15,West,Release,1,111,3.1,36,0,0,0,,b,,0,,,,,,,,,0
2014,6/16/15,5/18/15,West,Release,1,112,5.9,25,0,0,0,,b,,0,,,,,,,,,0
2014,6/16/15,5/18/15,West,Release,1,115,5.3,47,0,0,0,,b,,0,,,,,,,,,0
2014,6/16/15,5/18/15,West,Release,1,116,5.8,38,0,0,0,,b,46,0,,,,,,,,,0
2014,6/16/15,5/18/15,West,Release,1,117,3.3,25,0,0,0,,b,,0,,,,,,,,,0
2014,6/16/15,5/18/15,West,Release,1,118,7.3,79,0,0,0,,b,50,0,,,,,,,,,0
2014,6/16/15,5/18/15,West,Release,1,119,7.5,81,0,0,0,,b,45,0,,,,,,,,,0
2014,6/16/15,5/18/15,West,Release,1,120,6.8,70,0,0,0,,b,76,0,,,,,,,,,0
2014,6/16/15,5/18/15,West,Release,1,125,5,34,0,0,0,,b,,0,,,,,,,,,0
2014,6/16/15,5/18/15,West,Release,1,126,5.5,39,0,0,0,,b,24,0,,,,,,,,,0
2014,6/16/15,5/18/15,West,Release,1,127,4.8,62,0,0,0,,b,,0,,,,,,,,,0
2014,6/16/15,5/18/15,West,Release,1,128,3.1,23,0,0,0,,b,,0,,,,,,,,,0
2014,6/16/15,5/18/15,West,Release,1,129,3.1,26,0,0,0,,b,,0,,,,,,,,,0
2014,6/16/15,5/18/15,West,Release,1,133,3.4,49,0,0,0,,b,,0,,,,,,,,,0
2014,6/16/15,5/18/15,West,Release,1,134,6.7,54,0,0,0,,b,19,0,,,,,,,,,0
2014,6/16/15,5/18/15,West,Release,1,135,7.6,57,0,0,0,,b,41,0,,,,,,,,,0
2014,6/16/15,5/18/15,West,Release,1,136,6.5,66,0,0,0,,b,17,0,,,,,,,,,0
2014,6/16/15,5/18/15,West,Release,1,137,7.7,70,0,0,0,,b,53,0,,,,,,,,,0
2014,6/16/15,5/18/15,West,Release,1,138,4,54,0,0,0,,b,,0,,,,,,,,,0
2014,6/16/15,5/18/15,West,Release,1,139,3.9,42,0,0,0,,b,,0,,,,,,,,,0
2014,6/16/15,5/18/15,West,Release,1,140,3.5,30,0,0,0,,b,,0,,,,,,,,,0
2014,6/16/15,5/18/15,West,Release,1,141,3.2,29,0,0,0,,b,,0,,,,,,,,,0
2014,6/26/15,5/18/15,East,Release,0,4,3.9,31,0,0,0,,b,,0,,,,,,,,,0
2014,6/26/15,5/18/15,East,Release,0,5,5.6,68,0,0,0,,b,,0,,,,,,,,,0
2014,6/26/15,5/18/15,East,Release,0,9,9,78,0,0,0,,b,,0,,,,,,,,,0
2014,6/26/15,5/18/15,East,Release,0,13,4.3,49,0,0,0,,b,,0,,,,,,,,,0
2014,6/26/15,5/18/15,East,Release,0,14,6.6,52,0,0,0,,b,,0,,,,,,,,,0
2014,6/26/15,5/18/15,East,Release,0,21,8.7,62,0,0,0,,b,58,0,,,,,,,,,0
2014,6/26/15,5/18/15,East,Release,0,22,6.7,57,0,0,0,,b,83,0,,,,,,,,,0
2014,6/26/15,5/18/15,East,Release,0,23,4.4,28,0,0,0,,b,,0,,,,,,,,,0
2014,6/26/15,5/18/15,East,Release,0,24,4.4,32,0,0,0,,b,,0,,,,,,,,,0
2014,6/26/15,5/18/15,East,Release,0,27,4.7,50,0,0,0,,b,,0,,,,,,,,,0
2014,6/26/15,5/18/15,East,Release,0,28,3.4,35,0,0,0,,b,,0,,,,,,,,,0
2014,6/26/15,5/18/15,East,Release,0,29,2.2,43,0,0,0,,b,,0,,,,,,,,,0
2014,6/26/15,5/18/15,East,Release,0,30,3,34,0,0,0,,b,,0,,,,,,,,,0
2014,6/26/15,5/18/15,East,Release,0,37,4.1,38,0,0,0,,b,,0,,,,,,,,,0
2014,6/26/15,5/18/15,East,Release,0,38,3.9,46,0,0,0,,b,33,0,,,,,,,,,0
2014,6/26/15,5/18/15,East,Release,0,39,5,69,0,0,0,,b,31,0,,,,,,,,,0
2014,6/26/15,5/18/15,East,Release,0,44,2.7,36,0,0,0,,b,,0,,,,,,,,,0
2014,6/26/15,5/18/15,East,Release,0,48,3.3,38,0,0,0,,b,,0,,,,,,,,,0
2014,6/26/15,5/18/15,East,Release,0,52,2.9,38,0,0,0,,b,,0,,,,,,,,,0
2014,6/26/15,5/18/15,East,Release,0,53,3.5,30,0,0,0,,b,,0,,,,,,,,,0
2014,6/26/15,5/18/15,East,Release,0,54,3.4,29,0,0,0,,b,,0,,,,,,,,,0
2014,6/26/15,5/18/15,East,Release,0,58,2.1,32,0,0,0,,b,,0,,,,,,,,,0
2014,6/26/15,5/18/15,East,Release,0,59,6.4,67,0,0,0,,b,,0,,,,,,,,,0
2014,6/26/15,5/18/15,East,Release,0,62,7.7,58,0,0,0,,b,44,0,,,,,,,,,0
2014,6/26/15,5/18/15,East,Release,0,66,4.6,60,0,0,0,,b,,0,,,,,,,,,0
2014,6/26/15,5/18/15,East,Release,0,67,4.8,49,0,0,0,,b,,0,,,,,,,,,0
2014,6/26/15,5/18/15,East,Release,0,68,4.4,41,0,0,0,,b,,0,,,,,,,,,0
2014,6/26/15,5/18/15,East,Release,0,69,5.6,67,0,0,0,,b,47,0,,,,,,,,,0
2014,6/26/15,5/18/15,East,Release,0,71,3.6,36,0,0,0,,b,,0,,,,,,,,,0
2014,6/26/15,5/18/15,East,Release,0,80,4.9,42,0,0,0,,b,,0,,,,,,,,,0
2014,6/26/15,5/18/15,East,Release,0,81,5.5,46,0,0,0,,b,,0,,,,,,,,,0
2014,6/26/15,5/18/15,East,Release,0,82,6.8,56,0,0,0,,b,18,0,,,,,,,,,0
2014,6/26/15,5/18/15,East,Release,0,86,4.8,52,0,0,0,,b,,0,,,,,,,,,0
2014,6/26/15,5/18/15,East,Release,0,87,3.1,36,0,0,0,,b,,0,,,,,,,,,0
2014,6/26/15,5/18/15,East,Release,0,90,2.5,14,0,0,0,,b,,0,,,,,,,,,0
2014,6/26/15,5/18/15,East,Release,0,93,6.8,59,0,0,0,,b,73,0,,,,,,,,,0
2014,6/26/15,5/18/15,East,Release,0,94,5.1,55,0,0,0,,b,13,0,,,,,,,,,0
2014,6/26/15,5/18/15,East,Release,0,95,3.5,26,0,0,0,,b,,0,,,,,,,,,0
2014,6/26/15,5/18/15,East,Release,0,98,6.5,51,0,0,0,,b,46,0,,,,,,,,,0
2014,6/26/15,5/18/15,East,Release,0,102,5.8,26,0,0,0,,b,,0,,,,,,,,,0
2014,6/26/15,5/18/15,East,Release,0,105,5.3,41,0,0,0,,b,,0,,,,,,,,,0
2014,6/26/15,5/18/15,East,Release,0,106,4.2,35,0,0,0,,b,,0,,,,,,,,,0
2014,6/26/15,5/18/15,East,Release,0,113,4.3,57,0,0,0,,b,,0,,,,,,,,,0
2014,6/26/15,5/18/15,East,Release,0,114,5.1,45,0,0,0,,b,,0,,,,,,,,,0
2014,6/26/15,5/18/15,East,Release,0,116,4.2,48,0,0,0,,b,,0,,,,,,,,,0
2014,6/26/15,5/18/15,East,Release,0,119,5.5,47,0,0,0,,b,,0,,,,,,,,,0
2014,6/26/15,5/18/15,East,Release,0,120,6.5,66,0,0,0,,b,,0,,,,,,,,,0
2014,6/26/15,5/18/15,East,Release,0,121,4.8,63,0,0,0,,b,,0,,,,,,,,,0
2014,6/26/15,5/18/15,East,Release,0,124,4.3,52,0,0,0,,b,,0,,,,,,,,,0
2014,6/26/15,5/18/15,East,Release,0,125,4.7,61,0,0,0,,b,,0,,,,,,,,,0
2014,6/26/15,5/18/15,East,Release,0,126,5.3,44,0,0,0,,b,32,0,,,,,,,,,0
2014,6/26/15,5/18/15,East,Release,0,130,5.1,55,0,0,0,,b,,0,,,,,,,,,0
2014,6/26/15,5/18/15,East,Release,0,131,4,43,0,0,0,,b,,0,,,,,,,,,0
2014,7/16/15,5/19/15,USFS-South,Check,0,6,3,40,0,0,0,,b,,0,,,,,,,,,0
2014,7/16/15,5/19/15,USFS-South,Check,0,11,4,24,0,0,0,,b,66,0,,,,,,,,,0
2014,7/16/15,5/19/15,USFS-South,Check,0,12,4.2,35,0,0,0,,b,59,0,,,,,,,,,0
2014,7/16/15,5/19/15,USFS-South,Check,0,13,5.3,31,0,0,0,,b,22,0,,,,,,,,,0
2014,7/16/15,5/19/15,USFS-South,Check,0,15,6,24,0,0,0,,b,60,0,,,,,,,,,0
2014,7/16/15,5/19/15,USFS-South,Check,0,17,5,63,0,0,0,,b,,0,,,,,,,,,0
2014,7/16/15,5/19/15,USFS-South,Check,0,18,4.3,58,0,0,0,,b,30,0,,,,,,,,,0
2014,7/16/15,5/19/15,USFS-South,Check,0,19,8.2,32,0,0,0,,b,110,0,,,,,,,,,0
2014,7/16/15,5/19/15,USFS-South,Check,0,24,4.4,31,0,0,0,,b,53,0,,,,,,,,,0
2014,7/16/15,5/19/15,USFS-South,Check,0,25,4.7,34,0,0,0,,b,,0,,,,,,,,,0
2014,7/16/15,5/19/15,USFS-South,Check,0,29,3.4,35,0,0,0,,b,,0,,,,,,,,,0
2014,7/16/15,5/19/15,USFS-South,Check,0,30,3.4,48,0,0,0,,b,,0,,,,,,,,,0
2014,7/16/15,5/19/15,USFS-South,Check,0,31,2.4,51,0,0,0,,b,,0,,,,,,,,,0
2014,7/16/15,5/19/15,USFS-South,Check,0,32,3.1,42,0,0,0,,b,,0,,,,,,,,,0
2014,7/16/15,5/19/15,USFS-South,Check,0,33,2.6,39,0,0,0,,b,,0,,,,,,,,,0
2014,7/23/15,5/19/15,USFS-North,Check,1,1,4.1,31,0,0,0,,b,49,0,,,,,,,,,0
2014,7/23/15,5/19/15,USFS-North,Check,1,6,5.2,50,0,0,0,,b,,0,,,,,,,,,0
2014,7/23/15,5/19/15,USFS-North,Check,1,18,6.1,51,0,0,0,,b,55,0,,,,,,,,,0
2014,7/23/15,5/19/15,USFS-North,Check,1,20,4.7,63,0,0,0,,b,,0,,,,,,,,,0
2014,7/23/15,5/19/15,USFS-North,Check,1,22,5.3,35,0,0,0,,b,22,0,,,,,,,,,0
2014,7/23/15,5/19/15,USFS-North,Check,1,25,6.2,51,0,0,0,,b,,0,,,,,,,,,0
2014,7/23/15,5/19/15,USFS-North,Check,1,26,3.7,38,0,0,0,,b,41,0,,,,,,,,,0
2014,7/23/15,5/19/15,USFS-North,Check,1,27,5.4,46,0,0,0,,b,42,0,,,,,,,,,0
2014,7/23/15,5/19/15,USFS-North,Check,1,28,4.1,40,0,0,0,,b,,0,,,,,,,,,0
2014,8/3/15,5/19/15,USFS-West,Check,1,10,4.4,56,0,0,0,,b,,0,,,,,,,,,0
2014,8/3/15,5/19/15,USFS-West,Check,1,11,7.4,30,0,0,0,,b,222,0,,,,,,,,,0
2014,8/3/15,5/19/15,USFS-West,Check,1,12,4.3,61,0,0,0,,b,,0,,,,,,,,,0
2014,8/3/15,5/19/15,USFS-West,Check,1,13,4.4,65,0,0,0,,b,68,0,,,,,,,,,0
2014,8/3/15,5/19/15,USFS-West,Check,1,14,6.7,27,0,0,0,,b,127,0,,,,,,,,,0
2014,8/3/15,5/19/15,USFS-West,Check,1,15,7.1,34,0,0,0,,b,155,0,,,,,,,,,0
2014,8/3/15,5/19/15,USFS-West,Check,1,16,6.2,10,0,0,0,,b,250,0,,,,,,,,,0
2014,8/3/15,5/19/15,USFS-West,Check,1,17,5.5,64,0,0,0,,b,,0,,,,,,,,,0
2014,8/3/15,5/19/15,USFS-West,Check,1,18,3.3,42,0,0,0,,b,,0,,,,,,,,,0
2014,8/3/15,5/19/15,USFS-West,Check,1,19,3.4,52,0,0,0,,b,,0,,,,,,,,,0
2014,8/3/15,5/19/15,USFS-West,Check,1,22,4.2,52,0,0,0,,b,14,0,,,,,,,,,0
2014,8/3/15,5/19/15,USFS-West,Check,1,23,3,39,0,0,0,,b,,0,,,,,,,,,0
2014,8/3/15,5/19/15,USFS-West,Check,1,24,2.6,33,0,0,0,,b,,0,,,,,,,,,0
2014,8/3/15,5/19/15,USFS-West,Check,1,25,3,36,0,0,0,,b,,0,,,,,,,,,0
2014,8/3/15,5/19/15,USFS-West,Check,1,26,4.3,37,0,0,0,,b,,0,,,,,,,,,0
2014,8/3/15,5/19/15,USFS-West,Check,1,27,3.4,50,0,0,0,,b,,0,,,,,,,,,0
2014,8/3/15,5/19/15,USFS-West,Check,1,28,2.4,43,0,0,0,,b,,0,,,,,,,,,0
2014,8/3/15,5/19/15,USFS-West,Check,1,29,2.5,35,0,0,0,,b,,0,,,,,,,,,0
2014,8/3/15,5/19/15,USFS-West,Check,1,30,3.1,35,0,0,0,,b,,0,,,,,,,,,0
2014,8/3/15,5/19/15,USFS-West,Check,1,31,4,37,0,0,0,,b,,0,,,,,,,,,0
2014,8/3/15,5/19/15,USFS-West,Check,1,32,3.8,24,0,0,0,,b,,0,,,,,,,,,0
2014,8/3/15,5/19/15,USFS-West,Check,1,33,4.6,16,0,0,0,,b,129,0,,,,,,,,,0
2014,8/3/15,5/19/15,USFS-West,Check,1,34,2.5,42,0,0,0,,b,,0,,,,,,,,,0
2014,8/3/15,5/19/15,USFS-West,Check,1,35,2.8,35,0,0,0,,b,,0,,,,,,,,,0
2014,8/3/15,5/19/15,USFS-West,Check,1,36,2.5,29,0,0,0,,b,,0,,,,,,,,,0
2014,8/3/15,5/19/15,USFS-West,Check,1,37,5.3,16,0,0,0,,b,127,0,,,,,,,,,0
2014,8/3/15,5/19/15,USFS-West,Check,1,38,3.6,42,0,0,0,,b,,0,,,,,,,,,0
2015,9/28/16,5/24/16,Center,Release,0,1,4.5,81,0,0,0,,,,0,,,,,,,,,0
2015,9/28/16,5/24/16,Center,Release,0,2,6.2,114,0,0,0,,,,0,,,,,,,,,0
2015,9/28/16,5/24/16,Center,Release,0,3,5.7,105,0,0,0,,,,0,,,,,,,,,0
2015,9/28/16,5/24/16,Center,Release,0,4,4.6,45,0,0,0,,,,0,,,,,,,,,0
2015,9/28/16,5/24/16,Center,Release,0,5,5.1,110,0,0,0,,,,0,,,,,,,,,0
2015,9/28/16,5/24/16,Center,Release,0,6,6.5,77,0,0,0,,,,0,,,,,,,,,0
2015,9/28/16,5/24/16,Center,Release,0,7,3.8,56,0,0,0,,,,0,,,,,,,,,0
2015,9/28/16,5/24/16,Center,Release,0,8,6.1,81,0,0,0,,,,0,,,,,,,,,0
2015,9/28/16,5/24/16,Center,Release,0,9,6.2,55,0,0,0,,,,0,,,,,,,,,0
2015,9/28/16,5/24/16,Center,Release,0,10,3.3,88,0,0,0,,,,0,,,,,,,,,0
2015,9/28/16,5/24/16,Center,Release,0,11,7.7,79,0,0,0,,,,0,,,,,,,,,0
2015,9/28/16,5/24/16,Center,Release,0,12,6,44,0,0,0,,,134,0,,,,,,,,,0
2015,9/28/16,5/24/16,Center,Release,0,13,4.8,49,0,0,0,,,,0,,,,,,,,,0
2015,9/28/16,5/24/16,Center,Release,0,14,5,72,0,0,0,,,,0,,,,,,,,,0
2015,9/28/16,5/24/16,Center,Release,0,15,7.2,77,0,0,0,,,,0,,,,,,,,,0
2015,9/28/16,5/24/16,Center,Release,0,16,3.9,84,0,0,0,,,,0,,,,,,,,,0
2015,9/28/16,5/24/16,Center,Release,0,17,6.3,91,0,0,0,,,49,0,,,,,,,,,0
2015,9/28/16,5/24/16,Center,Release,0,18,5.7,83,0,0,0,,,,0,,,,,,,,,0
2015,9/28/16,5/24/16,Center,Release,0,19,4.7,65,0,0,0,,,,0,,,,,,,,,0
2015,9/28/16,5/24/16,Center,Release,0,20,5.1,79,0,0,0,,,,0,,,,,,,,,0
2015,9/28/16,5/24/16,Center,Release,0,21,4.3,73,0,0,0,,,36,0,,,,,,,,,0
2015,9/28/16,5/24/16,Center,Release,0,22,4.4,66,0,0,0,,,,0,,,,,,,,,0
2015,9/28/16,5/24/16,Center,Release,0,23,7,91,0,0,0,,,,0,,,,,,,,,0
2015,9/28/16,5/24/16,Center,Release,0,24,3.3,33,0,0,0,,,,0,,,,,,,,,0
2015,9/28/16,5/24/16,Center,Release,0,25,4.1,71,0,0,0,,,,0,,,,,,,,,0
2015,9/29/16,5/25/16,West,Release,1,1,8,97,0,0,0,,,,0,,,,,,,,,0
2015,9/29/16,5/25/16,West,Release,1,2,6.3,81,0,0,0,,,,0,,,,,,,,,0
2015,9/29/16,5/25/16,West,Release,1,3,6.8,63,10,15.9,1,,,,10,,,,,,,,,0
2015,9/29/16,5/25/16,West,Release,1,4,4.9,51,7,13.7,1,,,63,7,,,,,,,,,0
2015,9/29/16,5/25/16,West,Release,1,5,5.6,40,0,0,0,,,,0,,,,,,,,,0
2015,9/29/16,5/25/16,West,Release,1,6,4.8,67,8,11.9,1,,,,8,,,,,,,,,0
2015,9/29/16,5/25/16,West,Release,1,7,5.2,63,0,0,0,,,,0,,,,,,,,,0
2015,9/29/16,5/25/16,West,Release,1,8,4.9,69,0,0,0,,,19,0,,,,,,,,,0
2015,9/29/16,5/25/16,West,Release,1,9,6.8,69,8,11.6,1,,,,8,,,,,,,,,0
2015,9/29/16,5/25/16,West,Release,1,10,4.8,62,4,6.5,1,,,20,4,,,,,,,,,0
2015,9/29/16,5/25/16,West,Release,1,11,3.8,43,1,2.3,1,,,46,1,,,,,,,,,0
2015,9/29/16,5/25/16,West,Release,1,12,7.1,98,0,0,0,,,43,0,,,,,,,,,0
2015,9/29/16,5/25/16,West,Release,1,13,6.2,64,0,0,0,,,83,0,,,,,,,,,0
2015,9/29/16,5/25/16,West,Release,1,14,5.7,56,0,0,0,,,,0,,,,,,,,,0
2015,9/29/16,5/25/16,West,Release,1,15,3.8,72,0,0,0,,,,0,,,,,,,,,0
2015,9/29/16,5/25/16,West,Release,1,16,5,68,0,0,0,,,,0,,,,,,,,,0
2015,9/29/16,5/25/16,West,Release,1,17,6.1,48,3,6.3,1,,,21,3,,,,,,,,,0
2015,9/29/16,5/25/16,West,Release,1,18,6,70,0,0,0,,,,0,,,,,,,,,0
2015,9/29/16,5/25/16,West,Release,1,19,5.9,51,0,0,0,,,,0,,,,,,,,,0
2015,9/29/16,5/25/16,West,Release,1,20,2.8,65,0,0,0,,,,0,,,,,,,,,0
2015,9/29/16,5/25/16,West,Release,1,21,5.9,42,1,2.4,1,,,26,1,,,,,,,,,0
2015,9/29/16,5/25/16,West,Release,1,22,4.3,47,0,0,0,,,,0,,,,,,,,,0
2015,9/29/16,5/25/16,West,Release,1,23,4.7,47,3,6.4,1,,,,3,,,,,,,,,0
2015,9/29/16,5/25/16,West,Release,1,24,4.3,40,6,15,1,,,,6,,,,,,,,,0
2015,9/29/16,5/25/16,West,Release,1,25,3.1,46,3,6.5,1,,,,3,,,,,,,,,0
2015,10/3/16,5/24/16,East,Release,0,1,4.1,71,0,0,0,,,,0,,,,,,,,,0
2015,10/3/16,5/24/16,East,Release,0,2,6.7,78,0,0,0,,,,0,,,,,,,,,0
2015,10/3/16,5/24/16,East,Release,0,3,5.7,75,0,0,0,,,,0,,,,,,,,,0
2015,10/3/16,5/24/16,East,Release,0,4,5.2,90,0,0,0,,,,0,,,,,,,,,0
2015,10/3/16,5/24/16,East,Release,0,5,4.3,59,0,0,0,,,,0,,,,,,,,,0
2015,10/3/16,5/24/16,East,Release,0,6,5.6,96,0,0,0,,,,0,,,,,,,,,0
2015,10/3/16,5/24/16,East,Release,0,7,6.9,86,0,0,0,,,,0,,,,,,,,,0
2015,10/3/16,5/24/16,East,Release,0,8,6.3,100,0,0,0,,,,0,,,,,,,,,0
2015,10/3/16,5/24/16,East,Release,0,9,6.1,83,0,0,0,,,,0,,,,,,,,,0
2015,10/3/16,5/24/16,East,Release,0,10,4.4,78,0,0,0,,,,0,,,,,,,,,0
2015,10/3/16,5/24/16,East,Release,0,11,5.7,89,0,0,0,,,,0,,,,,,,,,0
2015,10/3/16,5/24/16,East,Release,0,12,4.5,90,0,0,0,,,,0,,,,,,,,,0
2015,10/3/16,5/24/16,East,Release,0,13,6.5,99,0,0,0,,,,0,,,,,,,,,0
2015,10/3/16,5/24/16,East,Release,0,14,5.5,86,0,0,0,,,,0,,,,,,,,,0
2015,10/3/16,5/24/16,East,Release,0,15,3.6,83,0,0,0,,,,0,,,,,,,,,0
2015,10/3/16,5/24/16,East,Release,0,16,5.4,98,0,0,0,,,,0,,,,,,,,,0
2015,10/3/16,5/24/16,East,Release,0,17,3.4,57,0,0,0,,,,0,,,,,,,,,0
2015,10/3/16,5/24/16,East,Release,0,18,3.4,59,0,0,0,,,,0,,,,,,,,,0
2015,10/3/16,5/24/16,East,Release,0,19,4.7,70,0,0,0,,,,0,,,,,,,,,0
2015,10/3/16,5/24/16,East,Release,0,20,3.6,69,0,0,0,,,,0,,,,,,,,,0
2015,10/3/16,5/24/16,East,Release,0,21,7,92,0,0,0,,,124,0,,,,,,,,,0
2015,10/3/16,5/24/16,East,Release,0,22,5.5,95,0,0,0,,,,0,,,,,,,,,0
2015,10/3/16,5/24/16,East,Release,0,23,5.2,77,0,0,0,,,,0,,,,,,,,,0
2015,10/3/16,5/24/16,East,Release,0,24,4.4,74,0,0,0,,,,0,,,,,,,,,0
2015,10/3/16,5/24/16,East,Release,0,25,4.9,70,0,0,0,,,,0,,,,,,,,,0
2015,10/4/16,5/26/16,USFS-South,Check,0,1,4.7,73,0,0,0,,,,0,,,,,,,,,0
2015,10/4/16,5/26/16,USFS-South,Check,0,2,5.8,62,0,0,0,,,,0,,,,,,,,,0
2015,10/4/16,5/26/16,USFS-South,Check,0,3,4.7,81,0,0,0,,,,0,,,,,,,,,0
2015,10/4/16,5/26/16,USFS-South,Check,0,4,3.7,54,3,5.6,1,,,,3,,,,,,,,,0
2015,10/4/16,5/26/16,USFS-South,Check,0,5,4.2,71,0,0,0,,,,0,,,,,,,,,0
2015,10/4/16,5/26/16,USFS-South,Check,0,6,5.8,93,0,0,0,,,,0,,,,,,,,,0
2015,10/4/16,5/26/16,USFS-South,Check,0,7,7.6,113,0,0,0,,,,0,,,,,,,,,0
2015,10/4/16,5/26/16,USFS-South,Check,0,8,6.4,60,0,0,0,,,,0,,,,,,,,,0
2015,10/4/16,5/26/16,USFS-South,Check,0,9,3.5,68,0,0,0,,,,0,,,,,,,,,0
2015,10/4/16,5/26/16,USFS-South,Check,0,10,5.6,99,0,0,0,,,,0,,,,,,,,,0
2015,10/4/16,5/26/16,USFS-North,Check,1,1,5.1,64,5,7.8,1,,,39,5,,,,,,,,,0
2015,10/4/16,5/26/16,USFS-North,Check,1,2,6.6,75,0,0,0,,,57,0,,,,,,,,,0
2015,10/4/16,5/26/16,USFS-North,Check,1,3,5.9,87,0,0,0,,,,0,,,,,,,,,0
2015,10/4/16,5/26/16,USFS-North,Check,1,4,5.6,66,6,9.1,1,,,,6,,,,,,,,,0
2015,10/4/16,5/26/16,USFS-North,Check,1,5,3.3,58,6,10.3,1,,,39,5,,,1,,,,,,1
2015,10/4/16,5/26/16,USFS-North,Check,1,6,5.2,64,0,0,0,,,,0,,,,,,,,,0
2015,10/4/16,5/26/16,USFS-North,Check,1,7,4,60,5,8.3,1,,,,5,,,,,,,,,0
2015,10/4/16,5/26/16,USFS-North,Check,1,8,4.8,44,11,25,1,,,,10,,,1,,,,,,1
2015,10/4/16,5/26/16,USFS-North,Check,1,9,3.8,46,3,6.5,1,,,,3,,,,,,,,,0
2015,10/4/16,5/26/16,USFS-North,Check,1,10,4.9,54,0,0,0,,,,0,,,,,,,,,0
2015,10/4/16,5/26/16,USFS-West,Check,1,1,7,60,9,15,1,,,,9,,,,,,,,,0
2015,10/4/16,5/26/16,USFS-West,Check,1,2,5,26,2,7.7,1,,,111,2,,,,,,,,,0
2015,10/4/16,5/26/16,USFS-West,Check,1,3,5.4,53,0,0,0,,,117,0,,,,,,,,,0
2015,10/4/16,5/26/16,USFS-West,Check,1,4,4.5,59,2,3.4,1,,,,2,,,,,,,,,0
2015,10/4/16,5/26/16,USFS-West,Check,1,5,5.6,58,5,8.6,1,,,194,4,,,1,,,,,,1
2015,10/4/16,5/26/16,USFS-West,Check,1,6,4.2,53,1,1.9,1,,,,1,,,,,,,,,0
2015,10/4/16,5/26/16,USFS-West,Check,1,7,4.2,48,8,16.7,1,,,,8,,,,,,,,,0
2015,10/4/16,5/26/16,USFS-West,Check,1,8,5.7,62,0,0,0,,,,0,,,,,,,,,0
2015,10/4/16,5/26/16,USFS-West,Check,1,9,4.4,52,0,0,0,,,,0,,,,,,,,,0
2015,10/4/16,5/26/16,USFS-West,Check,1,10,5.3,44,4,9.1,1,,,109,4,,,,,,,,,0
2016,12/20/17,6/5/17,West,Release,1,1,5.2,67,7,10.4,1,,,,7,59,,,,,,,,0
2016,12/20/17,6/5/17,West,Release,1,2,5.2,58,5,8.6,1,,,,5,52.6,,,,,,,,0
2016,12/20/17,6/5/17,West,Release,1,3,6,58,10,17.2,1,,,,9,114.7,,1,,,,,,1
2016,12/20/17,6/5/17,West,Release,1,4,6.7,50,13,26,1,,,,13,117.1,,,,,,,,0
2016,12/20/17,6/5/17,West,Release,1,5,5.3,35,21,60,1,,,,21,201.5,,,,,,,,0
2016,12/20/17,6/5/17,West,Release,1,6,6.3,44,19,43.2,1,,,,19,195.8,,,,,,,,0
2016,12/20/17,6/5/17,West,Release,1,7,3.8,46,8,17.4,1,,,,7,89.3,,1,,,,,,1
2016,12/20/17,6/5/17,West,Release,1,8,6.5,58,7,12.1,1,,,,6,96.9,,,1,,,,,0
2016,12/20/17,6/5/17,West,Release,1,9,6.3,60,23,38.3,1,,,,22,196.8,,1,,,,,,1
2016,12/20/17,6/5/17,West,Release,1,10,4.9,68,1,1.5,1,,,,1,10,,,,,,,,0
2016,12/20/17,6/5/17,West,Release,1,11,5.4,55,11,20,1,,,,9,115.1,,2,,,,,,2
2016,12/20/17,6/5/17,West,Release,1,12,7.2,70,3,4.3,1,,,,3,33,,,,,,,,0
2016,12/20/17,6/5/17,West,Release,1,13,3.7,40,7,17.5,1,,,,7,82.1,,,,,,,,0
2016,12/20/17,6/5/17,West,Release,1,14,6.9,57,4,7,1,,,,4,59.9,,,,,,,,0
2016,12/20/17,6/5/17,West,Release,1,15,3.9,45,4,8.9,1,,,,4,39.9,,,,,,,,0
2016,11/22/17,6/5/17,East,Release,0,1,6.3,74,1,1.4,1,,,,1,10,,,,,,,,0
2016,11/22/17,6/5/17,East,Release,0,2,6.8,76,0,0,0,,,,0,,,,,,,,,0
2016,11/22/17,6/5/17,East,Release,0,3,4.7,79,0,0,0,,,,0,,,,,,,,,0
2016,11/22/17,6/5/17,East,Release,0,4,5.4,61,2,3.3,1,,,,2,18.3,,,,,,,,0
2016,11/22/17,6/5/17,East,Release,0,5,8.9,76,0,0,0,,,,0,,,,,,,,,0
2016,11/22/17,6/5/17,East,Release,0,6,5.7,60,2,3.3,1,,,,2,16,,,,,,,,0
2016,11/22/17,6/5/17,East,Release,0,7,6.2,79,0,0,0,,,,0,,,,,,,,,0
2016,11/22/17,6/5/17,East,Release,0,8,6.1,68,0,0,0,,,,0,,,,,,,,,0
2016,11/22/17,6/5/17,East,Release,0,9,5.9,76,2,2.6,1,,,,2,18.4,,,,,,,,0
2016,11/22/17,6/5/17,East,Release,0,10,4.6,69,0,0,0,,,,0,,,,,,,,,0
2016,11/22/17,6/5/17,East,Release,0,11,7.7,57,0,0,0,,,,0,,,,,,,,,0
2016,11/22/17,6/5/17,East,Release,0,12,4.7,65,0,0,0,,,,0,,,,,,,,,0
2016,11/22/17,6/5/17,East,Release,0,13,4.9,62,0,0,0,,,,0,,,,,,,,,0
2016,11/22/17,6/5/17,East,Release,0,14,4.6,68,0,0,0,,,,0,,,,,,,,,0
2016,11/22/17,6/5/17,East,Release,0,15,5.4,57,3,5.3,1,,,,3,31.4,,,,,,,,0
2016,11/22/17,6/5/17,East,Release,0,16,4.5,64,0,0,0,,,,0,,,,,,,,,0
2016,11/22/17,6/5/17,East,Release,0,17,5.1,62,0,0,0,,,,0,,,,,,,,,0
2016,10/19/17,6/5/17,Center,Release,0,1,8.5,94,0,0,0,,,,0,,,,,,,,,0
2016,10/19/17,6/5/17,Center,Release,0,2,4.9,79.5,0,0,0,,,,0,,,,,,,,,0
2016,10/19/17,6/5/17,Center,Release,0,3,7.6,70,0,0,0,,,,0,,,,,,,,,0
2016,10/19/17,6/5/17,Center,Release,0,4,5.1,68,0,0,0,,,,0,,,,,,,,,0
2016,10/19/17,6/5/17,Center,Release,0,5,7.5,87,0,0,0,,,,0,,,,,,,,,0
2016,10/19/17,6/5/17,Center,Release,0,6,6.5,77,0,0,0,,,,0,,,,,,,,,0
2016,10/19/17,6/5/17,Center,Release,0,7,4.7,76,0,0,0,,,,0,,,,,,,,,0
2016,10/19/17,6/5/17,Center,Release,0,8,5.4,75,7,9.3,1,,,,7,83.5,,,,,,,,0
2016,10/19/17,6/5/17,Center,Release,0,9,7.8,75,7,9.3,1,,,,7,75.5,,,,,,,,0
2016,10/19/17,6/5/17,Center,Release,0,10,5,65,2,3.1,1,,,,2,27.4,,,,,,,,0
2016,10/19/17,6/5/17,Center,Release,0,11,5.4,75,0,0,0,,,,0,,,,,,,,,0
2016,10/19/17,6/5/17,Center,Release,0,12,3.9,60,0,0,0,,,,0,,,,,,,,,0
2016,10/19/17,6/5/17,Center,Release,0,13,8,53,3,5.7,1,,,,3,30.3,,,,,,,,0
2016,10/19/17,6/5/17,Center,Release,0,14,5.8,60,3,5,1,,,,3,30.4,,,,,,,,0
2016,10/19/17,6/5/17,Center,Release,0,15,4.9,65,1,1.5,1,,,,1,11.9,,,,,,,,0
2016,11/27/17,6/5/17,USFS-West,Check,1,1,6,81,6,7.4,1,,,,6,74.1,,,,,,,,0
2016,11/27/17,6/5/17,USFS-West,Check,1,2,6.2,71,6,8.5,1,,,,4,45.3,,,,2,,,,0
2016,11/27/17,6/5/17,USFS-West,Check,1,3,6.5,75,9,12,1,,,,9,250.2,,,,,,,,0
2016,11/27/17,6/5/17,USFS-West,Check,1,4,4.5,64,26,40.6,1,,,,21,250.2,,5,,,,,,5
2016,11/27/17,6/5/17,USFS-West,Check,1,5,5.1,63,20,31.7,1,,,,12,190.8,,7,,1,,,,7
2016,11/27/17,6/5/17,USFS-West,Check,1,6,4.2,67,2,3,1,,,,2,26,,,,,,,,0
2016,11/27/17,6/5/17,USFS-West,Check,1,7,5.6,60,8,13.3,1,,,,8,227.1,,,,,,,,0
2016,11/27/17,6/5/17,USFS-West,Check,1,8,6.8,62,10,16.1,1,,,,8,100.8,,2,,,,,,2
2016,11/27/17,6/5/17,USFS-West,Check,1,9,5.6,72,5,6.9,1,,,,5,45.8,,,,,,,,0
2016,11/27/17,6/5/17,USFS-West,Check,1,10,6.2,57,4,7,1,,,,4,41.2,,,,,,,,0
2016,11/27/17,6/5/17,USFS-West,Check,1,11,5.5,52,10,19.2,1,,,,8,145.8,,2,,,,,,2
2016,11/27/17,6/5/17,USFS-West,Check,1,12,4.4,56,1,1.8,1,,,,1,8.1,,,,,,,,0
2016,11/27/17,6/5/17,USFS-West,Check,1,13,5.9,52,14,26.9,1,,,,12,124.5,,2,,,,,,2
2016,11/27/17,6/5/17,USFS-West,Check,1,14,4.2,58,15,25.9,1,,,,15,161.2,,,,,,,,0
2016,11/27/17,6/5/17,USFS-West,Check,1,15,5.2,61,3,4.9,1,,,,3,27.7,,,,,,,,0
2016,12/19/17,6/5/17,USFS-North,Check,1,1,6.3,64,15,23.4,1,,,,13,167.5,,2,,,,,,2
2016,12/19/17,6/5/17,USFS-North,Check,1,2,7,72,39,54.2,1,,,,37,282.29,,2,,,,,,2
2016,12/19/17,6/5/17,USFS-North,Check,1,3,6.9,73,7,9.6,1,,,,6,80.8,,1,,,,,,1
2016,12/19/17,6/5/17,USFS-North,Check,1,4,7,75,12,16,1,,,,11,142.2,,,1,,,,,0
2016,12/19/17,6/5/17,USFS-North,Check,1,5,7,66,15,22.7,1,,,,13,159.1,,1,,1,,,,1
2016,12/19/17,6/5/17,USFS-North,Check,1,6,5.5,60,22,36.7,1,,,,16,180.5,,4,1,1,,,,4
2016,12/19/17,6/5/17,USFS-North,Check,1,7,5.8,60,6,10,1,,,,6,70.3,,,,,,,,0
2016,12/19/17,6/5/17,USFS-North,Check,1,8,5.1,68,7,10.3,1,,,,5,42.7,,1,1,,,,,1
2016,12/19/17,6/5/17,USFS-North,Check,1,9,5.1,54,10,18.5,1,,,,10,110.9,,,,,,,,0
2016,12/19/17,6/5/17,USFS-North,Check,1,10,7.1,58,28,48.3,1,,,,26,206,,2,,,,,,2
2016,12/19/17,6/5/17,USFS-North,Check,1,11,5.5,60,31,51.7,1,,,,25,274.5,,6,,,,,,6
2016,12/19/17,6/5/17,USFS-North,Check,1,12,7,64,21,32.8,1,,,,20,270.7,,1,,,,,,1
2016,12/19/17,6/5/17,USFS-North,Check,1,13,5.1,54,18,33.3,1,,,,18,172.6,,,,,,,,0
2016,12/19/17,6/5/17,USFS-North,Check,1,14,4.7,45,15,33.3,1,,,,14,127.6,,,,1,,,,0
2016,12/19/17,6/5/17,USFS-North,Check,1,15,6.3,56,21,37.5,1,,,,20,217.3,,1,,,,,,1
2016,11/22/17,6/5/17,USFS-South,Check,0,1,6.8,72,0,0,0,,,,0,,,,,,,,,0
2016,11/22/17,6/5/17,USFS-South,Check,0,2,6.7,70,2,2.9,1,,,,2,18,,,,,,,,0
2016,11/22/17,6/5/17,USFS-South,Check,0,3,4.6,74,0,0,0,,,,0,,,,,,,,,0
2016,11/22/17,6/5/17,USFS-South,Check,0,4,5.9,84,0,0,0,,,,0,,,,,,,,,0
2016,11/22/17,6/5/17,USFS-South,Check,0,5,5.2,87,0,0,0,,,,0,,,,,,,,,0
2016,11/22/17,6/5/17,USFS-South,Check,0,6,5.1,79,0,0,0,,,,0,,,,,,,,,0
2016,11/22/17,6/5/17,USFS-South,Check,0,7,4.4,71,0,0,0,,,,0,,,,,,,,,0
2016,11/22/17,6/5/17,USFS-South,Check,0,8,6.6,66,1,1.5,1,,,,1,12.1,,,,,,,,0
2016,11/22/17,6/5/17,USFS-South,Check,0,9,5.7,65,0,0,0,,,,0,,,,,,,,,0
2016,11/22/17,6/5/17,USFS-South,Check,0,10,4.6,56,0,0,0,,,,0,,,,,,,,,0
2016,11/22/17,6/5/17,USFS-South,Check,0,11,5,62,0,0,0,,,,0,,,,,,,,,0
2016,11/22/17,6/5/17,USFS-South,Check,0,12,4.6,54,0,0,0,,,,0,,,,,,,,,0
2016,11/22/17,6/5/17,USFS-South,Check,0,13,4.1,51,0,0,0,,,,0,,,,,,,,,0
2016,11/22/17,6/5/17,USFS-South,Check,0,14,3.7,51,0,0,0,,,,0,,,,,,,,,0
2016,11/22/17,6/5/17,USFS-South,Check,0,15,3.1,47,0,0,0,,,,0,,,,,,,,,0
2017,10/11/18,6/13/18,Center,Release,0,1,6.5,111,3,2.7,1,,,,3,26.9,,0,,,,,,0
2017,10/11/18,6/13/18,Center,Release,0,2,7.5,61,14,23,1,,,,12,107.3,,2,,,,,,2
2017,10/11/18,6/13/18,Center,Release,0,3,7.4,67,18,26.9,1,,,,16,145.5,,2,,,,,,2
2017,10/11/18,6/13/18,Center,Release,0,4,8.3,51,24,47.1,1,,,,22,184.1,,2,,,,,,2
2017,10/11/18,6/13/18,Center,Release,0,5,6.7,72,33,45.8,1,,,,28,260.9,,5,,,,,,5
2017,10/11/18,6/13/18,Center,Release,0,6,4.7,47,39,83,1,,,,30,266.5,,9,,,,,,9
2017,10/11/18,6/13/18,Center,Release,0,7,4.7,58,25,43.1,1,,,,24,180.6,,1,,,,,,1
2017,10/11/18,6/13/18,Center,Release,0,8,5.8,32,19,59.4,1,,,,17,139.3,,2,,,,,,2
2017,10/11/18,6/13/18,Center,Release,0,9,4.7,24,14,58.3,1,,,,14,114.8,,,,,,,,0
2017,10/11/18,6/13/18,Center,Release,0,10,4.6,42,28,66.7,1,,,,21,170,,7,,,,,,7
2017,10/11/18,6/13/18,Center,Release,0,11,4.4,26,19,73.1,1,,,,16,140.7,,3,,,,,,3
2017,10/11/18,6/13/18,Center,Release,0,12,3.6,34,16,47.1,1,,,,16,105.8,,,,,,,,0
2017,10/11/18,6/13/18,Center,Release,0,13,4.9,31,15,48.4,1,,,,14,95.6,,1,,,,,,1
2017,10/11/18,6/13/18,Center,Release,0,14,5.6,33,8,24.2,1,,,,8,50.5,,,,,,,,0
2017,10/11/18,6/13/18,Center,Release,0,15,4.1,28,16,57.1,1,,,,16,111.7,,,,,,,,0
2017,10/5/18,6/13/18,East,Release,0,1,6.2,41,26,63.4,1,,,,13,196.7,,13,,,,,,13
2017,10/5/18,6/13/18,East,Release,0,2,7.7,132,33,25,1,,,,27,256.8,,5,,1,,,,5
2017,10/5/18,6/13/18,East,Release,0,3,6.1,65,17,26.2,1,,,,13,110.2,,1,,3,,,,1
2017,10/5/18,6/13/18,East,Release,0,4,7.7,100,15,15,1,,,,12,104.2,,3,,,,,,3
2017,10/5/18,6/13/18,East,Release,0,5,6.4,43,12,27.9,1,,,,11,91.7,,1,,,,,,1
2017,10/5/18,6/13/18,East,Release,0,6,6.3,53,8,15.1,1,,,,8,60.1,,,,,,,,0
2017,10/5/18,6/13/18,East,Release,0,7,8,63,21,33.3,1,,,,19,132.2,,2,,,,,,2
2017,10/5/18,6/13/18,East,Release,0,8,3.3,30,6,20,1,,,,6,40.3,,,,,,,,0
2017,10/5/18,6/13/18,East,Release,0,9,3.5,29,6,20.7,1,,,,6,44.2,,,,,,,,0
2017,10/5/18,6/13/18,East,Release,0,10,4.4,27,7,25.9,1,,,,5,53.9,,2,,,,,,2
2017,10/5/18,6/13/18,East,Release,0,11,3.7,30,3,10,1,,,,3,14.9,,,,,,,,0
2017,10/5/18,6/13/18,East,Release,0,12,4.3,42,10,23.8,1,,,,10,69.8,,,,,,,,0
2017,10/5/18,6/13/18,East,Release,0,13,4.7,50,8,16,1,,,,8,62,,,,,,,,0
2017,10/5/18,6/13/18,East,Release,0,14,4.3,42,2,4.8,1,,,,2,15.3,,,,,,,,0
2017,10/5/18,6/13/18,East,Release,0,15,4.1,74,9,12.2,1,,,,8,71.9,,1,,,,,,1
2017,10/22/18,6/13/18,West,Release,1,1,5.6,61,10,16.4,1,,,,9,70.6,,1,,,,,,1
2017,10/22/18,6/13/18,West,Release,1,2,5.4,72,12,16.7,1,,,,8,70.2,,4,,,,,,4
2017,10/22/18,6/13/18,West,Release,1,3,6.7,43,10,23.3,1,,,,5,85,,5,,,,,,5
2017,10/22/18,6/13/18,West,Release,1,4,6.7,50,26,52,1,,,,22,166.9,,4,,,,,,4
2017,10/22/18,6/13/18,West,Release,1,5,3.8,58,25,43.1,1,,,,20,191.5,,5,,,,,,5
2017,10/22/18,6/13/18,West,Release,1,6,4.8,59,18,30.5,1,,,,17,120.1,,1,,,,,,1
2017,10/22/18,6/13/18,West,Release,1,7,8.9,85,28,32.9,1,,,,22,196.3,,6,,,,,,6
2017,10/22/18,6/13/18,West,Release,1,8,5.6,32,13,40.6,1,,,,10,102.1,,3,,,,,,3
2017,10/22/18,6/13/18,West,Release,1,9,8.2,77,37,48.1,1,,,,36,321.4,,1,,,,,,1
2017,10/22/18,6/13/18,West,Release,1,10,4.8,43,11,25.6,1,,,,8,62.7,,2,,1,,,,2
2017,10/22/18,6/13/18,West,Release,1,11,6.2,76,3,3.9,1,,,,3,25.1,,,,,,,,0
2017,10/22/18,6/13/18,West,Release,1,12,6.8,51,20,39.2,1,,,,17,144.8,,3,,,,,,3
2017,10/22/18,6/13/18,West,Release,1,13,7.1,88,22,25,1,,,,20,179.4,,2,,,,,,2
2017,10/22/18,6/13/18,West,Release,1,14,9.4,87,60,69,1,,,,54,394.1,,6,,,,,,6
2017,10/22/18,6/13/18,West,Release,1,15,4.4,48,8,16.7,1,,,,7,56.9,,1,,,,,,1
2017,10/17/18,6/13/18,USFS-North,Check,1,1,7.9,106,62,58.5,1,,,,52,429.5,,8,,2,,,,8
2017,10/17/18,6/13/18,USFS-North,Check,1,2,4.1,61,21,34.4,1,,,,20,159.1,,1,,,,,,1
2017,10/17/18,6/13/18,USFS-North,Check,1,3,5,72,17,23.6,1,,,,17,101.9,,,,,,,,0
2017,10/17/18,6/13/18,USFS-North,Check,1,4,5.3,31,38,122.6,1,,,,27,236.3,,11,,,,,,11
2017,10/17/18,6/13/18,USFS-North,Check,1,5,4.4,50,22,44,1,,,,18,146.1,,4,,,,,,4
2017,10/17/18,6/13/18,USFS-North,Check,1,6,6.3,99,14,14.1,1,,,,14,123.7,,,,,,,,0
2017,10/17/18,6/13/18,USFS-North,Check,1,7,3.3,38,8,21.1,1,,,,7,67.4,,,,1,,,,0
2017,10/17/18,6/13/18,USFS-North,Check,1,8,5.3,116,35,30.2,1,,,,28,255.9,,7,,,,,,7
2017,10/17/18,6/13/18,USFS-North,Check,1,9,4.2,59,21,35.6,1,,,,17,142.6,,4,,,,,,4
2017,10/17/18,6/13/18,USFS-North,Check,1,10,4.1,34,10,29.4,1,,,,7,59.4,,3,,,,,,3
2017,10/17/18,6/13/18,USFS-North,Check,1,11,4.3,34,10,29.4,1,,,,10,63.2,,,,,,,,0
2017,10/17/18,6/13/18,USFS-North,Check,1,12,4.2,38,4,10.5,1,,,,4,25.6,,,,,,,,0
2017,10/17/18,6/13/18,USFS-North,Check,1,13,7,87,12,13.8,1,,,,11,87.6,,1,,,,,,1
2017,10/17/18,6/13/18,USFS-North,Check,1,14,3.4,30,10,33.3,1,,,,10,92.9,,,,,,,,0
2017,10/17/18,6/13/18,USFS-North,Check,1,15,4.4,37,13,35.1,1,,,,13,81.1,,,,,,,,0
2017,10/5/18,6/13/18,USFS-South,Check,0,1,3.3,43,1,2.3,1,,,,1,2,,,,,,,,0
2017,10/5/18,6/13/18,USFS-South,Check,0,2,4.7,57,1,1.8,1,,,,1,1,,,,,,,,0
2017,10/5/18,6/13/18,USFS-South,Check,0,3,3.7,34,1,2.9,1,,,,1,1,,,,,,,,0
2017,10/5/18,6/13/18,USFS-South,Check,0,4,3.2,22,0,0,0,,,,0,0,,,,,,,,0
2017,10/5/18,6/13/18,USFS-South,Check,0,5,3.4,29,1,3.4,1,,,,1,2,,,,,,,,0
2017,10/5/18,6/13/18,USFS-South,Check,0,6,1.1,30,1,3.3,1,,,,1,1,,,,,,,,0
2017,10/5/18,6/13/18,USFS-South,Check,0,7,1.9,20,0,0,0,,,,0,0,,,,,,,,0
2017,10/11/18,6/13/18,USFS-West,Check,1,1,4.3,53,9,17,1,,,,7,90.4,,2,,,,,,2
2017,10/11/18,6/13/18,USFS-West,Check,1,2,3.9,43,3,7,1,,,,3,28.3,,0,,,,,,0
2017,10/11/18,6/13/18,USFS-West,Check,1,3,5,48,13,27.1,1,,,,7,109.7,,6,,,,,,6
2017,10/11/18,6/13/18,USFS-West,Check,1,4,5.1,84,9,10.7,1,,,,7,80.4,,2,,,,,,2
2017,10/11/18,6/13/18,USFS-West,Check,1,5,6,50,6,12,1,,,,6,63.8,,0,,,,,,0
2017,10/11/18,6/13/18,USFS-West,Check,1,6,6.3,48,19,39.6,1,,,,17,140.3,,2,,,,,,2
2017,10/11/18,6/13/18,USFS-West,Check,1,7,4.4,73,33,45.2,1,,,,26,218.4,,4,,3,,,,4
2017,10/11/18,6/13/18,USFS-West,Check,1,8,5.5,45,25,55.6,1,,,,13,146.8,,9,,3,,,,9
2017,10/11/18,6/13/18,USFS-West,Check,1,9,4.8,37,14,37.8,1,,,,14,90.1,,,,,,,,0
2017,10/11/18,6/13/18,USFS-West,Check,1,10,3.5,96,10,10.4,1,,,,10,60.8,,,,,,,,0
2017,10/11/18,6/13/18,USFS-West,Check,1,11,7.3,30,4,13.3,1,,,,4,17.7,,,,,,,,0
2017,10/11/18,6/13/18,USFS-West,Check,1,12,2.9,39,12,30.8,1,,,,8,89.2,,3,,1,,,,3
2017,10/11/18,6/13/18,USFS-West,Check,1,13,3.1,26,8,30.8,1,,,,7,74.4,,1,,,,,,1
2017,10/11/18,6/13/18,USFS-West,Check,1,14,4.9,65,14,21.5,1,,,,6,93.4,,8,,,,,,8
2017,10/11/18,6/13/18,USFS-West,Check,1,15,4,20,9,45,1,,,,9,55.1,,,,,,,,0
2018,8/22/19,5/8/19,East,Release,0,1,7.7,96,1,1,1,,,,0,,,1,,,,,,1
2018,8/22/19,5/8/19,East,Release,0,2,7.4,77,6,7.8,1,,b,,6,,,0,,,,,,0
2018,8/22/19,5/8/19,East,Release,0,3,11.2,88,2,2.3,1,,b,,1,,,1,,,,,,1
2018,8/22/19,5/8/19,East,Release,0,4,8.5,93,2,2.2,1,,b,,2,,,0,,,,,,0
2018,8/22/19,5/8/19,East,Release,0,5,7.5,111,5,4.5,1,,,,5,,,0,,,,,,0
2018,8/22/19,5/8/19,East,Release,0,6,6.9,87,0,0,0,,b,,0,,,0,,,,,,0
2018,8/22/19,5/8/19,East,Release,0,7,8.9,125,6,4.8,1,,,,5,,,1,,,,,,1
2018,8/22/19,5/8/19,East,Release,0,8,7.3,99,2,2,1,,,,2,,,0,,,,,,0
2018,8/22/19,5/8/19,East,Release,0,9,7.8,120,1,0.8,1,,,,1,,,0,,,,,,0
2018,8/22/19,5/8/19,East,Release,0,10,5.1,106,5,4.7,1,,,,5,,,0,,,,,,0
2018,8/22/19,5/8/19,East,Release,0,11,7.1,86,4,4.7,1,,b,,4,,,0,,,,,,0
2018,8/22/19,5/8/19,East,Release,0,12,7.9,102,7,6.9,1,,b,,7,,,0,,,,,,0
2018,8/22/19,5/8/19,East,Release,0,13,8.5,103,1,1,1,,b,,1,,,0,,,,,,0
2018,8/22/19,5/8/19,East,Release,0,14,5.9,72,4,5.6,1,,b,,4,,,0,,,,,,0
2018,8/22/19,5/8/19,East,Release,0,15,10.5,99,2,2,1,,b,,2,,,0,,,,,,0
2018,8/22/19,5/8/19,East,Release,0,16,7,77,0,0,0,,b,,0,,,0,,,,,,0
2018,8/22/19,5/8/19,East,Release,0,17,6.5,89,0,0,0,,b,,0,,,0,,,,,,0
2018,8/22/19,5/8/19,East,Release,0,18,6.3,104,0,0,0,,b,,0,,,0,,,,,,0
2018,8/22/19,5/8/19,East,Release,0,19,6.7,113,1,0.9,1,,,,0,,,1,,,,,,1
2018,8/27/19,5/8/19,West,Release,1,1,6.2,97,3,3.1,1,,,,1,,,2,,,,,,2
2018,8/27/19,5/8/19,West,Release,1,2,7.9,80,0,0,0,2.1,b,,0,,,0,,,,,,0
2018,8/27/19,5/8/19,West,Release,1,3,9.2,122,1,0.8,1,2.4,b,,1,,,0,,,,,,0
2018,8/27/19,5/8/19,West,Release,1,4,6.4,80,2,2.5,1,,,,2,,,0,,,,,,0
2018,8/27/19,5/8/19,West,Release,1,5,6.2,87,8,9.2,1,,,,7,,,1,,,,,,1
2018,8/27/19,5/8/19,West,Release,1,6,10.8,63,1,1.6,1,5.8,b,,1,,,0,,,,,,0
2018,8/27/19,5/8/19,West,Release,1,7,4.2,61,8,13.1,1,,,,7,,,1,,,,,,1
2018,8/27/19,5/8/19,West,Release,1,8,5.5,84,5,6,1,,,,2,,,2,,1,,,,2
2018,8/27/19,5/8/19,West,Release,1,9,9.4,86,1,1.2,1,1.6,b,,1,,,0,,,,,,0
2018,8/27/19,5/8/19,West,Release,1,10,7,107,3,2.8,1,,,,2,,,1,,,,,,1
2018,8/27/19,5/8/19,West,Release,1,11,7.8,107,4,3.7,1,,,,3,,,1,,,,,,1
2018,8/27/19,5/8/19,West,Release,1,12,8,72,1,1.4,1,3.5,b,,0,,,1,,,,,,1
2018,8/27/19,5/8/19,West,Release,1,13,5.5,80,18,22.5,1,1.2,b,,12,,,6,,,,,,6
2018,8/27/19,5/8/19,West,Release,1,14,8.4,111,0,0,0,,,,0,,,0,,,,,,0
2018,8/27/19,5/8/19,West,Release,1,15,6.9,99,5,5.1,1,,,,4,,,1,,,,,,1
2018,8/27/19,5/8/19,West,Release,1,16,9.4,87,15,17.2,1,,,,15,,,0,,,,,,0
2018,8/27/19,5/8/19,West,Release,1,17,7,64,14,21.9,1,3.2,b,,14,,,0,,,,,,0
2018,8/27/19,5/8/19,West,Release,1,18,10.8,71,0,0,0,4.8,b,,0,,,0,,,,,,0
2018,8/27/19,5/8/19,West,Release,1,19,10.9,92,0,0,0,2.8,b,,0,,,0,,,,,,0
2018,8/27/19,5/8/19,West,Release,1,20,12.2,73,0,0,0,4.5,b,,0,,,0,,,,,,0
2018,8/29/19,5/9/19,Center,Release,0,1,5.2,67,37,55.2,1,,,,23,,1,7,,6,,,,8
2018,8/29/19,5/9/19,Center,Release,0,2,7.2,99,1,1,1,,,,1,,,0,,,,,,0
2018,8/29/19,5/9/19,Center,Release,0,3,6.9,102,1,1,1,,,,1,,,0,,,,,,0
2018,8/29/19,5/9/19,Center,Release,0,4,6.5,54,6,11.1,1,3.6,b,,5,,,1,,,,,,1
2018,8/29/19,5/9/19,Center,Release,0,5,4.5,32,7,21.9,1,2.7,c,,5,,,1,,1,,,,1
2018,8/29/19,5/9/19,Center,Release,0,6,5.2,46,4,8.7,1,3.4,c,,2,,,1,,1,,,,1
2018,8/29/19,5/9/19,Center,Release,0,7,5,42,4,9.5,1,3.3,b,,4,,,0,,,,,,0
2018,8/29/19,5/9/19,Center,Release,0,8,6.8,97,2,2.1,1,,,,1,,,1,,,,,,1
2018,8/29/19,5/9/19,Center,Release,0,9,6.2,53,6,11.3,1,3.5,b,,5,,,1,,,,,,1
2018,8/29/19,5/9/19,Center,Release,0,10,7.3,115,8,7,1,1.6,b,,6,,,2,,,,,,2
2018,8/29/19,5/9/19,Center,Release,0,11,11.1,118,1,0.8,1,,,,1,,,0,,,,,,0
2018,8/29/19,5/9/19,Center,Release,0,12,9.3,98,0,0,0,2.5,b,,0,,,0,,,,,,0
2018,8/29/19,5/9/19,Center,Release,0,13,9.6,135,0,0,0,,,,0,,,0,,,,,,0
2018,8/29/19,5/9/19,Center,Release,0,14,5.1,78,2,2.6,1,,,,2,,,0,,,,,,0
2018,8/29/19,5/9/19,Center,Release,0,15,7.2,90,27,30,1,1.4,b,,23,,,4,,,,,,4
2018,8/29/19,5/9/19,Center,Release,0,16,8.6,79,1,1.3,1,3,b,,1,,,0,,,,,,0
2018,8/29/19,5/9/19,Center,Release,0,17,7.9,94,0,0,0,,,,0,,,0,,,,,,0
2018,8/29/19,5/9/19,Center,Release,0,18,9.8,120,6,5,1,,,,6,,,0,,,,,,0
2018,8/29/19,5/9/19,Center,Release,0,19,7.8,115,0,0,0,,,,0,,,0,,,,,,0
2018,8/29/19,5/9/19,Center,Release,0,20,9.8,76,18,23.7,1,3.4,b,,13,,,3,,2,,,,3
2018,8/27/19,5/10/19,USFS-West,Check,1,1,4.1,8,1,12.5,1,3.8,b,,1,,,0,,,,,,0
2018,8/27/19,5/10/19,USFS-West,Check,1,2,4.3,40,18,45,1,2.3,b,,15,,,1,,2,,,,1
2018,8/27/19,5/10/19,USFS-West,Check,1,3,5.9,53,19,35.8,1,1.5,b,,17,,,2,,,,,,2
2018,8/27/19,5/10/19,USFS-West,Check,1,4,9.1,121,2,1.7,1,,,,2,,,0,,,,,,0
2018,8/27/19,5/10/19,USFS-West,Check,1,5,3.8,44,20,45.5,1,1.2,b,,18,,,1,,1,,,,1
2018,8/27/19,5/10/19,USFS-West,Check,1,6,8,52,0,0,0,4,b,,0,,,0,,,,,,0
2018,8/27/19,5/10/19,USFS-West,Check,1,7,6.6,74,17,23,1,,,,17,,,0,,,,,,0
2018,8/27/19,5/10/19,USFS-West,Check,1,8,7,67,1,1.5,1,2.6,b,,1,,,0,,,,,,0
2018,8/27/19,5/10/19,USFS-West,Check,1,9,6.4,77,20,26,1,7.6,b,,20,,,0,,,,,,0
2018,8/27/19,5/10/19,USFS-West,Check,1,10,5.1,66,34,51.5,1,,,,30,,,3,,1,,,,3
2018,8/27/19,5/10/19,USFS-West,Check,1,11,6.8,82,0,0,0,,,,0,,,0,,,,,,0
2018,8/27/19,5/10/19,USFS-West,Check,1,12,7.8,46,7,15.2,1,5.3,b,,7,,,0,,,,,,0
2018,8/27/19,5/10/19,USFS-West,Check,1,13,5.8,49,8,16.3,1,3.2,b,,7,,,1,,,,,,1
2018,8/27/19,5/10/19,USFS-West,Check,1,14,3.9,49,8,16.3,1,0.9,b,,8,,,0,,,,,,0
2018,8/27/19,5/10/19,USFS-West,Check,1,15,5.5,74,14,18.9,1,2.3,b,,13,,,0,,1,,,,0
2018,8/27/19,5/10/19,USFS-West,Check,1,16,7,101,9,8.9,1,,,,8,,,0,,1,,,,0
2018,8/27/19,5/10/19,USFS-West,Check,1,17,7.6,45,2,4.4,1,4.5,b,,2,,,0,,,,,,0
2018,8/27/19,5/10/19,USFS-West,Check,1,18,7.7,100,1,1,1,,,,1,,,0,,,,,,0
2018,8/27/19,5/10/19,USFS-West,Check,1,19,9.4,77,9,11.7,1,3,b,,9,,,0,,,,,,0
2018,8/27/19,5/10/19,USFS-West,Check,1,20,5.2,38,13,34.2,1,,,,9,,,3,,1,,,,3
2018,8/27/19,5/10/19,USFS-West,Check,1,21,4.3,39,0,0,0,,,,0,,,0,,,,,,0
2018,8/23/19,5/9/19,USFS-South,Check,0,1,5,44,4,9.1,1,3.4,c,,4,,,0,,,,,,0
2018,8/23/19,5/9/19,USFS-South,Check,0,2,5.6,45,0,0,0,4.5,c,,0,,,0,,,,,,0
2018,8/23/19,5/9/19,USFS-South,Check,0,3,5.5,40,8,20,1,4.2,c,,5,,,3,,,,,,3
2018,8/23/19,5/9/19,USFS-South,Check,0,4,3.5,41,0,0,0,2.5,c,,0,,,0,,,,,,0
2018,8/23/19,5/9/19,USFS-South,Check,0,5,5.1,48,18,37.5,1,2.2,b,,13,,,4,,1,,,,4
2018,8/23/19,5/9/19,USFS-South,Check,0,6,4.5,35,6,17.1,1,3.9,c,,5,,,1,,,,,,1
2018,8/23/19,5/9/19,USFS-South,Check,0,7,5,40,11,27.5,1,3.9,c,,10,,,1,,,,,,1
2018,8/23/19,5/9/19,USFS-South,Check,0,8,4.9,38,8,21.1,1,3.8,b,,6,,,0,,2,,,,0
2018,8/23/19,5/9/19,USFS-South,Check,0,9,4.7,32,23,71.9,1,4.2,c,,18,,,5,,,,,,5
2018,8/23/19,5/9/19,USFS-South,Check,0,10,7,46,6,13,1,4.1,b,,4,,,1,,1,,,,1
2018,8/23/19,5/9/19,USFS-South,Check,0,11,6,54,14,25.9,1,3.5,b,,11,,,3,,,,,,3
2018,8/23/19,5/9/19,USFS-South,Check,0,12,6.3,103,5,4.9,1,,,,4,,,0,,1,,,,0
2018,8/23/19,5/9/19,USFS-South,Check,0,13,6.4,73,6,8.2,1,3.8,b,,6,,,0,,,,,,0
2018,8/23/19,5/9/19,USFS-South,Check,0,14,3.8,53,19,35.8,1,2.3,b,,16,,,2,,1,,,,2
2018,8/23/19,5/9/19,USFS-South,Check,0,15,4.9,54,6,11.1,1,2.8,b,,4,,,1,,1,,,,1
2018,8/23/19,5/9/19,USFS-South,Check,0,16,5.6,67,8,11.9,1,2.6,c,,8,,,0,,,,,,0
2018,8/23/19,5/9/19,USFS-South,Check,0,17,5.1,81,0,0,0,1.4,b,,0,,,0,,,,,,0
2018,8/23/19,5/9/19,USFS-South,Check,0,18,6.9,62,11,17.7,1,3.3,c,,11,,,0,,,,,,0
2018,8/23/19,5/9/19,USFS-South,Check,0,19,7.5,67,1,1.5,1,1.7,b,,1,,,0,,,,,,0
2018,8/23/19,5/9/19,USFS-South,Check,0,20,5.8,62,1,1.6,1,3.5,b,,1,,,0,,,,,,0
2018,8/23/19,5/9/19,USFS-South,Check,0,21,4.6,50,0,0,0,3.4,c,,0,,,0,,,,,,0
2018,8/23/19,5/9/19,USFS-South,Check,0,22,8.7,124,20,16.1,1,1.8,b,,17,,1,0,,2,,,,1
2018,8/23/19,5/9/19,USFS-South,Check,0,23,9.1,98,9,9.2,1,2.5,b,,8,,,1,,,,,,1
2018,8/23/19,5/9/19,USFS-North,Check,1,1,3.7,18,6,33.3,1,3.6,c,,6,,,0,,,,,,0
2018,8/23/19,5/9/19,USFS-North,Check,1,2,7.5,38,5,13.2,1,6.2,c,,3,,,2,,,,,,2
2018,8/23/19,5/9/19,USFS-North,Check,1,3,4.7,36,10,27.8,1,4.6,c,,5,,,1,,4,,,,1
2018,8/23/19,5/9/19,USFS-North,Check,1,4,6.8,54,6,11.1,1,5,c,,6,,,0,,,,,,0
2018,8/23/19,5/9/19,USFS-North,Check,1,5,5.3,22,2,9.1,1,4.9,c,,1,,,0,,1,,,,0
2018,8/23/19,5/9/19,USFS-North,Check,1,6,5.7,43,6,14,1,4.4,c,,3,,,3,,,,,,3
2018,8/23/19,5/9/19,USFS-North,Check,1,7,6.5,54,0,0,0,5.4,b,,0,,,0,,,,,,0
2018,8/23/19,5/9/19,USFS-North,Check,1,8,6.2,55,2,3.6,1,5.7,c,,1,,,1,,,,,,1
2018,8/23/19,5/9/19,USFS-North,Check,1,9,5.5,37,5,13.5,1,4.3,c,,5,,,0,,,,,,0
2018,8/23/19,5/9/19,USFS-North,Check,1,10,6.1,49,1,2,1,4.7,c,,1,,,0,,,,,,0
2018,8/23/19,5/9/19,USFS-North,Check,1,11,7.6,48,0,0,0,6.5,b,,0,,,0,,,,,,0
2018,8/23/19,5/9/19,USFS-North,Check,1,12,6,41,10,24.4,1,5.3,c,,8,,,2,,,,,,2
2018,8/23/19,5/9/19,USFS-North,Check,1,13,5.7,40,1,2.5,1,3.4,c,,1,,,0,,,,,,0
2018,8/23/19,5/9/19,USFS-North,Check,1,14,6.7,58,8,13.8,1,4.1,c,,7,,,1,,,,,,1
2018,8/23/19,5/9/19,USFS-North,Check,1,15,6.7,50,7,14,1,3.9,c,,7,,,0,,,,,,0
2018,8/23/19,5/9/19,USFS-North,Check,1,16,4.5,46,8,17.4,1,,,,6,,,2,,,,,,2
2018,8/23/19,5/9/19,USFS-North,Check,1,17,5.3,51,1,2,1,2.1,b,,0,,,1,,,,,,1
2018,8/23/19,5/9/19,USFS-North,Check,1,18,6.8,109,4,3.7,1,,,,4,,,0,,,,,,0
2018,8/23/19,5/9/19,USFS-North,Check,1,19,6.9,104,1,1,1,,,,1,,,0,,,,,,0
2018,8/23/19,5/9/19,USFS-North,Check,1,20,7.1,96,2,2.1,1,,,,2,,,0,,,,,,0